cp	char	block	name	ink	clip	dup_of	recommended
U+0020	 	ASCII	SPACE	0.0000	0.0000		1
U+0021	!	ASCII	EXCLAMATION MARK	0.0751	0.0000		1
U+0022	"	ASCII	QUOTATION MARK	0.0738	0.0000		1
U+0023	#	ASCII	NUMBER SIGN	0.1932	0.0000		1
U+0024	$	ASCII	DOLLAR SIGN	0.2175	0.0000		1
U+0025	%	ASCII	PERCENT SIGN	0.1917	0.0000		1
U+0026	&	ASCII	AMPERSAND	0.2035	0.0000		1
U+0027	'	ASCII	APOSTROPHE	0.0368	0.0000		1
U+0028	(	ASCII	LEFT PARENTHESIS	0.0959	0.0000		1
U+0029	)	ASCII	RIGHT PARENTHESIS	0.0957	0.0000		1
U+002A	*	ASCII	ASTERISK	0.1309	0.0000		1
U+002B	+	ASCII	PLUS SIGN	0.0964	0.0000		1
U+002C	,	ASCII	COMMA	0.0392	0.0000		1
U+002D	-	ASCII	HYPHEN-MINUS	0.0521	0.0000		1
U+002E	.	ASCII	FULL STOP	0.0318	0.0000		1
U+002F	/	ASCII	SOLIDUS	0.0892	0.0000		1
U+0030	0	ASCII	DIGIT ZERO	0.2193	0.0000		1
U+0031	1	ASCII	DIGIT ONE	0.1436	0.0000		1
U+0032	2	ASCII	DIGIT TWO	0.1578	0.0000		1
U+0033	3	ASCII	DIGIT THREE	0.1697	0.0000		1
U+0034	4	ASCII	DIGIT FOUR	0.1401	0.0000		1
U+0035	5	ASCII	DIGIT FIVE	0.1804	0.0000		1
U+0036	6	ASCII	DIGIT SIX	0.1662	0.0000		1
U+0037	7	ASCII	DIGIT SEVEN	0.1204	0.0000		1
U+0038	8	ASCII	DIGIT EIGHT	0.2101	0.0000		1
U+0039	9	ASCII	DIGIT NINE	0.1657	0.0000		1
U+003A	:	ASCII	COLON	0.0637	0.0000		1
U+003B	;	ASCII	SEMICOLON	0.0710	0.0000		1
U+003C	<	ASCII	LESS-THAN SIGN	0.0901	0.0000		1
U+003D	=	ASCII	EQUALS SIGN	0.1086	0.0000		1
U+003E	>	ASCII	GREATER-THAN SIGN	0.0901	0.0000		1
U+003F	?	ASCII	QUESTION MARK	0.1117	0.0000		1
U+0040	@	ASCII	COMMERCIAL AT	0.1856	0.0000		1
U+0041	A	ASCII	LATIN CAPITAL LETTER A	0.1697	0.0000		1
U+0042	B	ASCII	LATIN CAPITAL LETTER B	0.2223	0.0000		1
U+0043	C	ASCII	LATIN CAPITAL LETTER C	0.1712	0.0000		1
U+0044	D	ASCII	LATIN CAPITAL LETTER D	0.2071	0.0000		1
U+0045	E	ASCII	LATIN CAPITAL LETTER E	0.1786	0.0000		1
U+0046	F	ASCII	LATIN CAPITAL LETTER F	0.1437	0.0000		1
U+0047	G	ASCII	LATIN CAPITAL LETTER G	0.2019	0.0000		1
U+0048	H	ASCII	LATIN CAPITAL LETTER H	0.1884	0.0000		1
U+0049	I	ASCII	LATIN CAPITAL LETTER I	0.1359	0.0000		1
U+004A	J	ASCII	LATIN CAPITAL LETTER J	0.1380	0.0000		1
U+004B	K	ASCII	LATIN CAPITAL LETTER K	0.1797	0.0000		1
U+004C	L	ASCII	LATIN CAPITAL LETTER L	0.1134	0.0000		1
U+004D	M	ASCII	LATIN CAPITAL LETTER M	0.2234	0.0000		1
U+004E	N	ASCII	LATIN CAPITAL LETTER N	0.2050	0.0000		1
U+004F	O	ASCII	LATIN CAPITAL LETTER O	0.2021	0.0000		1
U+0050	P	ASCII	LATIN CAPITAL LETTER P	0.1724	0.0000		1
U+0051	Q	ASCII	LATIN CAPITAL LETTER Q	0.2279	0.0000		1
U+0052	R	ASCII	LATIN CAPITAL LETTER R	0.2040	0.0000		1
U+0053	S	ASCII	LATIN CAPITAL LETTER S	0.1828	0.0000		1
U+0054	T	ASCII	LATIN CAPITAL LETTER T	0.1232	0.0000		1
U+0055	U	ASCII	LATIN CAPITAL LETTER U	0.1781	0.0000		1
U+0056	V	ASCII	LATIN CAPITAL LETTER V	0.1478	0.0000		1
U+0057	W	ASCII	LATIN CAPITAL LETTER W	0.2124	0.0000		1
U+0058	X	ASCII	LATIN CAPITAL LETTER X	0.1636	0.0000		1
U+0059	Y	ASCII	LATIN CAPITAL LETTER Y	0.1283	0.0000		1
U+005A	Z	ASCII	LATIN CAPITAL LETTER Z	0.1661	0.0000		1
U+005B	[	ASCII	LEFT SQUARE BRACKET	0.1193	0.0000		1
U+005C	\	ASCII	REVERSE SOLIDUS	0.0895	0.0000		1
U+005D	]	ASCII	RIGHT SQUARE BRACKET	0.1198	0.0000		1
U+005E	^	ASCII	CIRCUMFLEX ACCENT	0.0711	0.0000		1
U+005F	_	ASCII	LOW LINE	0.0473	0.0000		1
U+0060	`	ASCII	GRAVE ACCENT	0.0205	0.0000		1
U+0061	a	ASCII	LATIN SMALL LETTER A	0.1506	0.0000		1
U+0062	b	ASCII	LATIN SMALL LETTER B	0.1838	0.0000		1
U+0063	c	ASCII	LATIN SMALL LETTER C	0.1205	0.0000		1
U+0064	d	ASCII	LATIN SMALL LETTER D	0.1840	0.0000		1
U+0065	e	ASCII	LATIN SMALL LETTER E	0.1500	0.0000		1
U+0066	f	ASCII	LATIN SMALL LETTER F	0.1302	0.0000		1
U+0067	g	ASCII	LATIN SMALL LETTER G	0.2095	0.0000		1
U+0068	h	ASCII	LATIN SMALL LETTER H	0.1585	0.0000		1
U+0069	i	ASCII	LATIN SMALL LETTER I	0.1239	0.0000		1
U+006A	j	ASCII	LATIN SMALL LETTER J	0.1339	0.0000		1
U+006B	k	ASCII	LATIN SMALL LETTER K	0.1554	0.0000		1
U+006C	l	ASCII	LATIN SMALL LETTER L	0.1284	0.0000		1
U+006D	m	ASCII	LATIN SMALL LETTER M	0.1781	0.0000		1
U+006E	n	ASCII	LATIN SMALL LETTER N	0.1366	0.0000		1
U+006F	o	ASCII	LATIN SMALL LETTER O	0.1424	0.0000		1
U+0070	p	ASCII	LATIN SMALL LETTER P	0.1807	0.0000		1
U+0071	q	ASCII	LATIN SMALL LETTER Q	0.1810	0.0000		1
U+0072	r	ASCII	LATIN SMALL LETTER R	0.1225	0.0000		1
U+0073	s	ASCII	LATIN SMALL LETTER S	0.1301	0.0000		1
U+0074	t	ASCII	LATIN SMALL LETTER T	0.1214	0.0000		1
U+0075	u	ASCII	LATIN SMALL LETTER U	0.1368	0.0000		1
U+0076	v	ASCII	LATIN SMALL LETTER V	0.1085	0.0000		1
U+0077	w	ASCII	LATIN SMALL LETTER W	0.1685	0.0000		1
U+0078	x	ASCII	LATIN SMALL LETTER X	0.1198	0.0000		1
U+0079	y	ASCII	LATIN SMALL LETTER Y	0.1378	0.0000		1
U+007A	z	ASCII	LATIN SMALL LETTER Z	0.1208	0.0000		1
U+007B	{	ASCII	LEFT CURLY BRACKET	0.1208	0.0000		1
U+007C	|	ASCII	VERTICAL LINE	0.1002	0.0000		1
U+007D	}	ASCII	RIGHT CURLY BRACKET	0.1213	0.0000		1
U+007E	~	ASCII	TILDE	0.0639	0.0000		1
U+00A1	¡	Latin-1	INVERTED EXCLAMATION MARK	0.0751	0.0000		1
U+00A2	¢	Latin-1	CENT SIGN	0.1354	0.0000		1
U+00A3	£	Latin-1	POUND SIGN	0.1790	0.0000		1
U+00A4	¤	Latin-1	CURRENCY SIGN	0.1295	0.0000		1
U+00A5	¥	Latin-1	YEN SIGN	0.1728	0.0000		1
U+00A6	¦	Latin-1	BROKEN BAR	0.0775	0.0000		1
U+00A7	§	Latin-1	SECTION SIGN	0.1997	0.0000		1
U+00A8	¨	Latin-1	DIAERESIS	0.0261	0.0000		1
U+00A9	©	Latin-1	COPYRIGHT SIGN	0.1425	0.0000		1
U+00AA	ª	Latin-1	FEMININE ORDINAL INDICATOR	0.1187	0.0000		1
U+00AB	«	Latin-1	LEFT-POINTING DOUBLE ANGLE QUOTATION MARK	0.0924	0.0000		1
U+00AC	¬	Latin-1	NOT SIGN	0.0707	0.0000		1
U+00AE	®	Latin-1	REGISTERED SIGN	0.1487	0.0000		1
U+00AF	¯	Latin-1	MACRON	0.0287	0.0000		1
U+00B0	°	Latin-1	DEGREE SIGN	0.0610	0.0000		1
U+00B1	±	Latin-1	PLUS-MINUS SIGN	0.1138	0.0000		1
U+00B2	²	Latin-1	SUPERSCRIPT TWO	0.1007	0.0000		1
U+00B3	³	Latin-1	SUPERSCRIPT THREE	0.1051	0.0000		1
U+00B4	´	Latin-1	ACUTE ACCENT	0.0205	0.0000		1
U+00B5	µ	Latin-1	MICRO SIGN	0.1657	0.0000		1
U+00B6	¶	Latin-1	PILCROW SIGN	0.2666	0.0000		1
U+00B7	·	Latin-1	MIDDLE DOT	0.0212	0.0000		1
U+00B8	¸	Latin-1	CEDILLA	0.0313	0.0000		1
U+00B9	¹	Latin-1	SUPERSCRIPT ONE	0.0905	0.0000		1
U+00BA	º	Latin-1	MASCULINE ORDINAL INDICATOR	0.1143	0.0000		1
U+00BB	»	Latin-1	RIGHT-POINTING DOUBLE ANGLE QUOTATION MARK	0.0926	0.0000		1
U+00BC	¼	Latin-1	VULGAR FRACTION ONE QUARTER	0.1659	0.0000		1
U+00BD	½	Latin-1	VULGAR FRACTION ONE HALF	0.1644	0.0000		1
U+00BE	¾	Latin-1	VULGAR FRACTION THREE QUARTERS	0.1893	0.0061		1
U+00BF	¿	Latin-1	INVERTED QUESTION MARK	0.1119	0.0000		1
U+00C0	À	Latin-1	LATIN CAPITAL LETTER A WITH GRAVE	0.1882	0.0000		1
U+00C1	Á	Latin-1	LATIN CAPITAL LETTER A WITH ACUTE	0.1881	0.0000		1
U+00C2	Â	Latin-1	LATIN CAPITAL LETTER A WITH CIRCUMFLEX	0.2004	0.0000		1
U+00C3	Ã	Latin-1	LATIN CAPITAL LETTER A WITH TILDE	0.2044	0.0000		1
U+00C4	Ä	Latin-1	LATIN CAPITAL LETTER A WITH DIAERESIS	0.1957	0.0000		1
U+00C5	Å	Latin-1	LATIN CAPITAL LETTER A WITH RING ABOVE	0.1961	0.0000		1
U+00C6	Æ	Latin-1	LATIN CAPITAL LETTER AE	0.2308	0.0000		1
U+00C7	Ç	Latin-1	LATIN CAPITAL LETTER C WITH CEDILLA	0.2003	0.0000		1
U+00C8	È	Latin-1	LATIN CAPITAL LETTER E WITH GRAVE	0.1971	0.0000		1
U+00C9	É	Latin-1	LATIN CAPITAL LETTER E WITH ACUTE	0.1972	0.0000		1
U+00CA	Ê	Latin-1	LATIN CAPITAL LETTER E WITH CIRCUMFLEX	0.2094	0.0000		1
U+00CB	Ë	Latin-1	LATIN CAPITAL LETTER E WITH DIAERESIS	0.2046	0.0000		1
U+00CC	Ì	Latin-1	LATIN CAPITAL LETTER I WITH GRAVE	0.1544	0.0000		1
U+00CD	Í	Latin-1	LATIN CAPITAL LETTER I WITH ACUTE	0.1544	0.0000		1
U+00CE	Î	Latin-1	LATIN CAPITAL LETTER I WITH CIRCUMFLEX	0.1666	0.0000		1
U+00CF	Ï	Latin-1	LATIN CAPITAL LETTER I WITH DIAERESIS	0.1620	0.0000		1
U+00D0	Ð	Latin-1	LATIN CAPITAL LETTER ETH	0.2266	0.0000		1
U+00D1	Ñ	Latin-1	LATIN CAPITAL LETTER N WITH TILDE	0.2397	0.0000		1
U+00D2	Ò	Latin-1	LATIN CAPITAL LETTER O WITH GRAVE	0.2206	0.0000		1
U+00D3	Ó	Latin-1	LATIN CAPITAL LETTER O WITH ACUTE	0.2206	0.0000		1
U+00D4	Ô	Latin-1	LATIN CAPITAL LETTER O WITH CIRCUMFLEX	0.2328	0.0000		1
U+00D5	Õ	Latin-1	LATIN CAPITAL LETTER O WITH TILDE	0.2369	0.0000		1
U+00D6	Ö	Latin-1	LATIN CAPITAL LETTER O WITH DIAERESIS	0.2282	0.0000		1
U+00D7	×	Latin-1	MULTIPLICATION SIGN	0.0996	0.0000		1
U+00D8	Ø	Latin-1	LATIN CAPITAL LETTER O WITH STROKE	0.2463	0.0000		1
U+00D9	Ù	Latin-1	LATIN CAPITAL LETTER U WITH GRAVE	0.1966	0.0000		1
U+00DA	Ú	Latin-1	LATIN CAPITAL LETTER U WITH ACUTE	0.1967	0.0000		1
U+00DB	Û	Latin-1	LATIN CAPITAL LETTER U WITH CIRCUMFLEX	0.2090	0.0000		1
U+00DC	Ü	Latin-1	LATIN CAPITAL LETTER U WITH DIAERESIS	0.2039	0.0000		1
U+00DD	Ý	Latin-1	LATIN CAPITAL LETTER Y WITH ACUTE	0.1470	0.0000		1
U+00DE	Þ	Latin-1	LATIN CAPITAL LETTER THORN	0.1737	0.0000		1
U+00DF	ß	Latin-1	LATIN SMALL LETTER SHARP S	0.1975	0.0000		1
U+00E0	à	Latin-1	LATIN SMALL LETTER A WITH GRAVE	0.1711	0.0000		1
U+00E1	á	Latin-1	LATIN SMALL LETTER A WITH ACUTE	0.1711	0.0000		1
U+00E2	â	Latin-1	LATIN SMALL LETTER A WITH CIRCUMFLEX	0.1879	0.0000		1
U+00E3	ã	Latin-1	LATIN SMALL LETTER A WITH TILDE	0.1904	0.0000		1
U+00E4	ä	Latin-1	LATIN SMALL LETTER A WITH DIAERESIS	0.1764	0.0000		1
U+00E5	å	Latin-1	LATIN SMALL LETTER A WITH RING ABOVE	0.1876	0.0000		1
U+00E6	æ	Latin-1	LATIN SMALL LETTER AE	0.2005	0.0000		1
U+00E7	ç	Latin-1	LATIN SMALL LETTER C WITH CEDILLA	0.1515	0.0000		1
U+00E8	è	Latin-1	LATIN SMALL LETTER E WITH GRAVE	0.1706	0.0000		1
U+00E9	é	Latin-1	LATIN SMALL LETTER E WITH ACUTE	0.1705	0.0000		1
U+00EA	ê	Latin-1	LATIN SMALL LETTER E WITH CIRCUMFLEX	0.1872	0.0000		1
U+00EB	ë	Latin-1	LATIN SMALL LETTER E WITH DIAERESIS	0.1762	0.0000		1
U+00EC	ì	Latin-1	LATIN SMALL LETTER I WITH GRAVE	0.1255	0.0000		1
U+00ED	í	Latin-1	LATIN SMALL LETTER I WITH ACUTE	0.1255	0.0000		1
U+00EE	î	Latin-1	LATIN SMALL LETTER I WITH CIRCUMFLEX	0.1422	0.0000		1
U+00EF	ï	Latin-1	LATIN SMALL LETTER I WITH DIAERESIS	0.1311	0.0000		1
U+00F0	ð	Latin-1	LATIN SMALL LETTER ETH	0.1908	0.0000		1
U+00F1	ñ	Latin-1	LATIN SMALL LETTER N WITH TILDE	0.1765	0.0000		1
U+00F2	ò	Latin-1	LATIN SMALL LETTER O WITH GRAVE	0.1629	0.0000		1
U+00F3	ó	Latin-1	LATIN SMALL LETTER O WITH ACUTE	0.1629	0.0000		1
U+00F4	ô	Latin-1	LATIN SMALL LETTER O WITH CIRCUMFLEX	0.1797	0.0000		1
U+00F5	õ	Latin-1	LATIN SMALL LETTER O WITH TILDE	0.1823	0.0000		1
U+00F6	ö	Latin-1	LATIN SMALL LETTER O WITH DIAERESIS	0.1686	0.0000		1
U+00F7	÷	Latin-1	DIVISION SIGN	0.0763	0.0000		1
U+00F8	ø	Latin-1	LATIN SMALL LETTER O WITH STROKE	0.1756	0.0000		1
U+00F9	ù	Latin-1	LATIN SMALL LETTER U WITH GRAVE	0.1573	0.0000		1
U+00FA	ú	Latin-1	LATIN SMALL LETTER U WITH ACUTE	0.1572	0.0000		1
U+00FB	û	Latin-1	LATIN SMALL LETTER U WITH CIRCUMFLEX	0.1741	0.0000		1
U+00FC	ü	Latin-1	LATIN SMALL LETTER U WITH DIAERESIS	0.1630	0.0000		1
U+00FD	ý	Latin-1	LATIN SMALL LETTER Y WITH ACUTE	0.1583	0.0000		1
U+00FE	þ	Latin-1	LATIN SMALL LETTER THORN	0.2020	0.0000		1
U+00FF	ÿ	Latin-1	LATIN SMALL LETTER Y WITH DIAERESIS	0.1640	0.0000		1
U+0100	Ā	Latin Ext-A	LATIN CAPITAL LETTER A WITH MACRON	0.1983	0.0000		0
U+0101	ā	Latin Ext-A	LATIN SMALL LETTER A WITH MACRON	0.1793	0.0000		0
U+0102	Ă	Latin Ext-A	LATIN CAPITAL LETTER A WITH BREVE	0.2024	0.0000		0
U+0103	ă	Latin Ext-A	LATIN SMALL LETTER A WITH BREVE	0.1884	0.0000		0
U+0104	Ą	Latin Ext-A	LATIN CAPITAL LETTER A WITH OGONEK	0.1965	0.0000		0
U+0105	ą	Latin Ext-A	LATIN SMALL LETTER A WITH OGONEK	0.1764	0.0000		0
U+0106	Ć	Latin Ext-A	LATIN CAPITAL LETTER C WITH ACUTE	0.1897	0.0000		0
U+0107	ć	Latin Ext-A	LATIN SMALL LETTER C WITH ACUTE	0.1411	0.0000		0
U+0108	Ĉ	Latin Ext-A	LATIN CAPITAL LETTER C WITH CIRCUMFLEX	0.2022	0.0000		0
U+0109	ĉ	Latin Ext-A	LATIN SMALL LETTER C WITH CIRCUMFLEX	0.1578	0.0000		0
U+010A	Ċ	Latin Ext-A	LATIN CAPITAL LETTER C WITH DOT ABOVE	0.1866	0.0000		0
U+010B	ċ	Latin Ext-A	LATIN SMALL LETTER C WITH DOT ABOVE	0.1359	0.0000		0
U+010C	Č	Latin Ext-A	LATIN CAPITAL LETTER C WITH CARON	0.2022	0.0000		0
U+010D	č	Latin Ext-A	LATIN SMALL LETTER C WITH CARON	0.1578	0.0000		0
U+010E	Ď	Latin Ext-A	LATIN CAPITAL LETTER D WITH CARON	0.2382	0.0000		0
U+010F	ď	Latin Ext-A	LATIN SMALL LETTER D WITH CARON	0.1897	0.0000		0
U+0110	Đ	Latin Ext-A	LATIN CAPITAL LETTER D WITH STROKE	0.2208	0.0000		0
U+0111	đ	Latin Ext-A	LATIN SMALL LETTER D WITH STROKE	0.1980	0.0000		0
U+0112	Ē	Latin Ext-A	LATIN CAPITAL LETTER E WITH MACRON	0.2073	0.0000		0
U+0113	ē	Latin Ext-A	LATIN SMALL LETTER E WITH MACRON	0.1787	0.0000		0
U+0114	Ĕ	Latin Ext-A	LATIN CAPITAL LETTER E WITH BREVE	0.2113	0.0000		0
U+0115	ĕ	Latin Ext-A	LATIN SMALL LETTER E WITH BREVE	0.1876	0.0000		0
U+0116	Ė	Latin Ext-A	LATIN CAPITAL LETTER E WITH DOT ABOVE	0.1939	0.0000		0
U+0117	ė	Latin Ext-A	LATIN SMALL LETTER E WITH DOT ABOVE	0.1654	0.0000		0
U+0118	Ę	Latin Ext-A	LATIN CAPITAL LETTER E WITH OGONEK	0.2037	0.0000		0
U+0119	ę	Latin Ext-A	LATIN SMALL LETTER E WITH OGONEK	0.1753	0.0000		0
U+011A	Ě	Latin Ext-A	LATIN CAPITAL LETTER E WITH CARON	0.2094	0.0000		0
U+011B	ě	Latin Ext-A	LATIN SMALL LETTER E WITH CARON	0.1873	0.0000		0
U+011C	Ĝ	Latin Ext-A	LATIN CAPITAL LETTER G WITH CIRCUMFLEX	0.2328	0.0000		0
U+011D	ĝ	Latin Ext-A	LATIN SMALL LETTER G WITH CIRCUMFLEX	0.2467	0.0000		0
U+011E	Ğ	Latin Ext-A	LATIN CAPITAL LETTER G WITH BREVE	0.2347	0.0000		0
U+011F	ğ	Latin Ext-A	LATIN SMALL LETTER G WITH BREVE	0.2470	0.0000		0
U+0120	Ġ	Latin Ext-A	LATIN CAPITAL LETTER G WITH DOT ABOVE	0.2172	0.0000		0
U+0121	ġ	Latin Ext-A	LATIN SMALL LETTER G WITH DOT ABOVE	0.2248	0.0000		0
U+0122	Ģ	Latin Ext-A	LATIN CAPITAL LETTER G WITH CEDILLA	0.2206	0.0000		0
U+0123	ģ	Latin Ext-A	LATIN SMALL LETTER G WITH CEDILLA	0.2282	0.0000		0
U+0124	Ĥ	Latin Ext-A	LATIN CAPITAL LETTER H WITH CIRCUMFLEX	0.2191	0.0000		0
U+0125	ĥ	Latin Ext-A	LATIN SMALL LETTER H WITH CIRCUMFLEX	0.1942	0.0081		0
U+0126	Ħ	Latin Ext-A	LATIN CAPITAL LETTER H WITH STROKE	0.2235	0.0000		0
U+0127	ħ	Latin Ext-A	LATIN SMALL LETTER H WITH STROKE	0.1730	0.0000		0
U+0128	Ĩ	Latin Ext-A	LATIN CAPITAL LETTER I WITH TILDE	0.1707	0.0000		0
U+0129	ĩ	Latin Ext-A	LATIN SMALL LETTER I WITH TILDE	0.1451	0.0000		0
U+012A	Ī	Latin Ext-A	LATIN CAPITAL LETTER I WITH MACRON	0.1646	0.0000		0
U+012B	ī	Latin Ext-A	LATIN SMALL LETTER I WITH MACRON	0.1337	0.0000		0
U+012C	Ĭ	Latin Ext-A	LATIN CAPITAL LETTER I WITH BREVE	0.1687	0.0000		0
U+012D	ĭ	Latin Ext-A	LATIN SMALL LETTER I WITH BREVE	0.1428	0.0000		0
U+012E	Į	Latin Ext-A	LATIN CAPITAL LETTER I WITH OGONEK	0.1606	0.0000		0
U+012F	į	Latin Ext-A	LATIN SMALL LETTER I WITH OGONEK	0.1488	0.0000		0
U+0130	İ	Latin Ext-A	LATIN CAPITAL LETTER I WITH DOT ABOVE	0.1513	0.0000		0
U+0131	ı	Latin Ext-A	LATIN SMALL LETTER DOTLESS I	0.1050	0.0000		0
U+0132	Ĳ	Latin Ext-A	LATIN CAPITAL LIGATURE IJ	0.1985	0.0000		0
U+0133	ĳ	Latin Ext-A	LATIN SMALL LIGATURE IJ	0.1856	0.0000		0
U+0134	Ĵ	Latin Ext-A	LATIN CAPITAL LETTER J WITH CIRCUMFLEX	0.1690	0.0000		0
U+0135	ĵ	Latin Ext-A	LATIN SMALL LETTER J WITH CIRCUMFLEX	0.1522	0.0000		0
U+0136	Ķ	Latin Ext-A	LATIN CAPITAL LETTER K WITH CEDILLA	0.1983	0.0000		0
U+0137	ķ	Latin Ext-A	LATIN SMALL LETTER K WITH CEDILLA	0.1741	0.0000		0
U+0139	Ĺ	Latin Ext-A	LATIN CAPITAL LETTER L WITH ACUTE	0.1320	0.0000		0
U+013A	ĺ	Latin Ext-A	LATIN SMALL LETTER L WITH ACUTE	0.1436	0.0350		0
U+013B	Ļ	Latin Ext-A	LATIN CAPITAL LETTER L WITH CEDILLA	0.1321	0.0000		0
U+013C	ļ	Latin Ext-A	LATIN SMALL LETTER L WITH CEDILLA	0.1471	0.0000		0
U+013D	Ľ	Latin Ext-A	LATIN CAPITAL LETTER L WITH CARON	0.1342	0.0000		0
U+013E	ľ	Latin Ext-A	LATIN SMALL LETTER L WITH CARON	0.1483	0.0000		0
U+013F	Ŀ	Latin Ext-A	LATIN CAPITAL LETTER L WITH MIDDLE DOT	0.1347	0.0000		0
U+0140	ŀ	Latin Ext-A	LATIN SMALL LETTER L WITH MIDDLE DOT	0.1390	0.0707		0
U+0141	Ł	Latin Ext-A	LATIN CAPITAL LETTER L WITH STROKE	0.1468	0.0000		0
U+0142	ł	Latin Ext-A	LATIN SMALL LETTER L WITH STROKE	0.1619	0.0000		0
U+0143	Ń	Latin Ext-A	LATIN CAPITAL LETTER N WITH ACUTE	0.2235	0.0000		0
U+0144	ń	Latin Ext-A	LATIN SMALL LETTER N WITH ACUTE	0.1571	0.0000		0
U+0145	Ņ	Latin Ext-A	LATIN CAPITAL LETTER N WITH CEDILLA	0.2237	0.0000		0
U+0146	ņ	Latin Ext-A	LATIN SMALL LETTER N WITH CEDILLA	0.1554	0.0000		0
U+0147	Ň	Latin Ext-A	LATIN CAPITAL LETTER N WITH CARON	0.2360	0.0000		0
U+0148	ň	Latin Ext-A	LATIN SMALL LETTER N WITH CARON	0.1739	0.0000		0
U+014C	Ō	Latin Ext-A	LATIN CAPITAL LETTER O WITH MACRON	0.2308	0.0000		0
U+014D	ō	Latin Ext-A	LATIN SMALL LETTER O WITH MACRON	0.1711	0.0000		0
U+014E	Ŏ	Latin Ext-A	LATIN CAPITAL LETTER O WITH BREVE	0.2349	0.0000		0
U+014F	ŏ	Latin Ext-A	LATIN SMALL LETTER O WITH BREVE	0.1800	0.0000		0
U+0150	Ő	Latin Ext-A	LATIN CAPITAL LETTER O WITH DOUBLE ACUTE	0.2371	0.0000		0
U+0151	ő	Latin Ext-A	LATIN SMALL LETTER O WITH DOUBLE ACUTE	0.1808	0.0000		0
U+0152	Œ	Latin Ext-A	LATIN CAPITAL LIGATURE OE	0.2578	0.0000		0
U+0153	œ	Latin Ext-A	LATIN SMALL LIGATURE OE	0.2046	0.0000		0
U+0154	Ŕ	Latin Ext-A	LATIN CAPITAL LETTER R WITH ACUTE	0.2225	0.0000		0
U+0155	ŕ	Latin Ext-A	LATIN SMALL LETTER R WITH ACUTE	0.1430	0.0000		0
U+0156	Ŗ	Latin Ext-A	LATIN CAPITAL LETTER R WITH CEDILLA	0.2228	0.0000		0
U+0157	ŗ	Latin Ext-A	LATIN SMALL LETTER R WITH CEDILLA	0.1412	0.0000		0
U+0158	Ř	Latin Ext-A	LATIN CAPITAL LETTER R WITH CARON	0.2348	0.0000		0
U+0159	ř	Latin Ext-A	LATIN SMALL LETTER R WITH CARON	0.1598	0.0000		0
U+015A	Ś	Latin Ext-A	LATIN CAPITAL LETTER S WITH ACUTE	0.2013	0.0000		0
U+015B	ś	Latin Ext-A	LATIN SMALL LETTER S WITH ACUTE	0.1506	0.0000		0
U+015C	Ŝ	Latin Ext-A	LATIN CAPITAL LETTER S WITH CIRCUMFLEX	0.2136	0.0000		0
U+015D	ŝ	Latin Ext-A	LATIN SMALL LETTER S WITH CIRCUMFLEX	0.1674	0.0000		0
U+015E	Ş	Latin Ext-A	LATIN CAPITAL LETTER S WITH CEDILLA	0.2130	0.0000		0
U+015F	ş	Latin Ext-A	LATIN SMALL LETTER S WITH CEDILLA	0.1610	0.0000		0
U+0160	Š	Latin Ext-A	LATIN CAPITAL LETTER S WITH CARON	0.2136	0.0000		0
U+0161	š	Latin Ext-A	LATIN SMALL LETTER S WITH CARON	0.1674	0.0000		0
U+0162	Ţ	Latin Ext-A	LATIN CAPITAL LETTER T WITH CEDILLA	0.1545	0.0000		0
U+0163	ţ	Latin Ext-A	LATIN SMALL LETTER T WITH CEDILLA	0.1539	0.0000		0
U+0164	Ť	Latin Ext-A	LATIN CAPITAL LETTER T WITH CARON	0.1539	0.0000		0
U+0165	ť	Latin Ext-A	LATIN SMALL LETTER T WITH CARON	0.1413	0.0000		0
U+0166	Ŧ	Latin Ext-A	LATIN CAPITAL LETTER T WITH STROKE	0.1493	0.0000		0
U+0167	ŧ	Latin Ext-A	LATIN SMALL LETTER T WITH STROKE	0.1495	0.0000		0
U+0168	Ũ	Latin Ext-A	LATIN CAPITAL LETTER U WITH TILDE	0.2129	0.0000		0
U+0169	ũ	Latin Ext-A	LATIN SMALL LETTER U WITH TILDE	0.1767	0.0000		0
U+016A	Ū	Latin Ext-A	LATIN CAPITAL LETTER U WITH MACRON	0.2067	0.0000		0
U+016B	ū	Latin Ext-A	LATIN SMALL LETTER U WITH MACRON	0.1655	0.0000		0
U+016C	Ŭ	Latin Ext-A	LATIN CAPITAL LETTER U WITH BREVE	0.2110	0.0000		0
U+016D	ŭ	Latin Ext-A	LATIN SMALL LETTER U WITH BREVE	0.1743	0.0000		0
U+016E	Ů	Latin Ext-A	LATIN CAPITAL LETTER U WITH RING ABOVE	0.2045	0.0000		0
U+016F	ů	Latin Ext-A	LATIN SMALL LETTER U WITH RING ABOVE	0.1735	0.0000		0
U+0170	Ű	Latin Ext-A	LATIN CAPITAL LETTER U WITH DOUBLE ACUTE	0.2132	0.0000		0
U+0171	ű	Latin Ext-A	LATIN SMALL LETTER U WITH DOUBLE ACUTE	0.1752	0.0000		0
U+0172	Ų	Latin Ext-A	LATIN CAPITAL LETTER U WITH OGONEK	0.2035	0.0000		0
U+0173	ų	Latin Ext-A	LATIN SMALL LETTER U WITH OGONEK	0.1612	0.0000		0
U+0174	Ŵ	Latin Ext-A	LATIN CAPITAL LETTER W WITH CIRCUMFLEX	0.2432	0.0000		0
U+0175	ŵ	Latin Ext-A	LATIN SMALL LETTER W WITH CIRCUMFLEX	0.2058	0.0000		0
U+0176	Ŷ	Latin Ext-A	LATIN CAPITAL LETTER Y WITH CIRCUMFLEX	0.1590	0.0000		0
U+0177	ŷ	Latin Ext-A	LATIN SMALL LETTER Y WITH CIRCUMFLEX	0.1750	0.0000		0
U+0178	Ÿ	Latin Ext-A	LATIN CAPITAL LETTER Y WITH DIAERESIS	0.1544	0.0000		0
U+0179	Ź	Latin Ext-A	LATIN CAPITAL LETTER Z WITH ACUTE	0.1846	0.0000		0
U+017A	ź	Latin Ext-A	LATIN SMALL LETTER Z WITH ACUTE	0.1412	0.0000		0
U+017B	Ż	Latin Ext-A	LATIN CAPITAL LETTER Z WITH DOT ABOVE	0.1814	0.0000		0
U+017C	ż	Latin Ext-A	LATIN SMALL LETTER Z WITH DOT ABOVE	0.1361	0.0000		0
U+017D	Ž	Latin Ext-A	LATIN CAPITAL LETTER Z WITH CARON	0.1969	0.0000		0
U+017E	ž	Latin Ext-A	LATIN SMALL LETTER Z WITH CARON	0.1581	0.0000		0
U+0192	ƒ	Latin Ext-B	LATIN SMALL LETTER F WITH HOOK	0.1471	0.0000		0
U+01A0	Ơ	Latin Ext-B	LATIN CAPITAL LETTER O WITH HORN	0.2238	0.0005		0
U+01A1	ơ	Latin Ext-B	LATIN SMALL LETTER O WITH HORN	0.1626	0.0000		0
U+01AF	Ư	Latin Ext-B	LATIN CAPITAL LETTER U WITH HORN	0.1862	0.0591		0
U+01B0	ư	Latin Ext-B	LATIN SMALL LETTER U WITH HORN	0.1522	0.0154		0
U+01C4	Ǆ	Latin Ext-B	LATIN CAPITAL LETTER DZ WITH CARON	0.2802	0.0009		0
U+01C5	ǅ	Latin Ext-B	LATIN CAPITAL LETTER D WITH SMALL LETTER Z WITH CARON	0.2593	0.0002		0
U+01C6	ǆ	Latin Ext-B	LATIN SMALL LETTER DZ WITH CARON	0.2527	0.0002		0
U+01C7	Ǉ	Latin Ext-B	LATIN CAPITAL LETTER LJ	0.2015	0.0000		0
U+01C8	ǈ	Latin Ext-B	LATIN CAPITAL LETTER L WITH SMALL LETTER J	0.1989	0.0000		0
U+01C9	ǉ	Latin Ext-B	LATIN SMALL LETTER LJ	0.2044	0.0025		0
U+01CA	Ǌ	Latin Ext-B	LATIN CAPITAL LETTER NJ	0.2378	0.0000		0
U+01CB	ǋ	Latin Ext-B	LATIN CAPITAL LETTER N WITH SMALL LETTER J	0.2758	0.0000		0
U+01CC	ǌ	Latin Ext-B	LATIN SMALL LETTER NJ	0.2282	0.0000		0
U+01CD	Ǎ	Latin Ext-B	LATIN CAPITAL LETTER A WITH CARON	0.2004	0.0000		0
U+01CE	ǎ	Latin Ext-B	LATIN SMALL LETTER A WITH CARON	0.1878	0.0000		0
U+01CF	Ǐ	Latin Ext-B	LATIN CAPITAL LETTER I WITH CARON	0.1666	0.0000		0
U+01D0	ǐ	Latin Ext-B	LATIN SMALL LETTER I WITH CARON	0.1422	0.0000		0
U+01D1	Ǒ	Latin Ext-B	LATIN CAPITAL LETTER O WITH CARON	0.2328	0.0000		0
U+01D2	ǒ	Latin Ext-B	LATIN SMALL LETTER O WITH CARON	0.1797	0.0000		0
U+01D3	Ǔ	Latin Ext-B	LATIN CAPITAL LETTER U WITH CARON	0.2090	0.0000		0
U+01D4	ǔ	Latin Ext-B	LATIN SMALL LETTER U WITH CARON	0.1740	0.0000		0
U+01D5	Ǖ	Latin Ext-B	LATIN CAPITAL LETTER U WITH DIAERESIS AND MACRON	0.2067	0.0750		0
U+01D6	ǖ	Latin Ext-B	LATIN SMALL LETTER U WITH DIAERESIS AND MACRON	0.1916	0.0000		0
U+01D7	Ǘ	Latin Ext-B	LATIN CAPITAL LETTER U WITH DIAERESIS AND ACUTE	0.2050	0.0317		0
U+01D8	ǘ	Latin Ext-B	LATIN SMALL LETTER U WITH DIAERESIS AND ACUTE	0.1801	0.0003		0
U+01D9	Ǚ	Latin Ext-B	LATIN CAPITAL LETTER U WITH DIAERESIS AND CARON	0.2096	0.0689		0
U+01DA	ǚ	Latin Ext-B	LATIN SMALL LETTER U WITH DIAERESIS AND CARON	0.1938	0.0054		0
U+01DB	Ǜ	Latin Ext-B	LATIN CAPITAL LETTER U WITH DIAERESIS AND GRAVE	0.2049	0.0315		0
U+01DC	ǜ	Latin Ext-B	LATIN SMALL LETTER U WITH DIAERESIS AND GRAVE	0.1801	0.0003		0
U+01DE	Ǟ	Latin Ext-B	LATIN CAPITAL LETTER A WITH DIAERESIS AND MACRON	0.1983	0.0780		0
U+01DF	ǟ	Latin Ext-B	LATIN SMALL LETTER A WITH DIAERESIS AND MACRON	0.2051	0.0000		0
U+01E0	Ǡ	Latin Ext-B	LATIN CAPITAL LETTER A WITH DOT ABOVE AND MACRON	0.1897	0.0813		0
U+01E1	ǡ	Latin Ext-B	LATIN SMALL LETTER A WITH DOT ABOVE AND MACRON	0.1947	0.0000		0
U+01E2	Ǣ	Latin Ext-B	LATIN CAPITAL LETTER AE WITH MACRON	0.2595	0.0000		0
U+01E3	ǣ	Latin Ext-B	LATIN SMALL LETTER AE WITH MACRON	0.2292	0.0000		0
U+01E6	Ǧ	Latin Ext-B	LATIN CAPITAL LETTER G WITH CARON	0.2328	0.0000		0
U+01E7	ǧ	Latin Ext-B	LATIN SMALL LETTER G WITH CARON	0.2467	0.0000		0
U+01E8	Ǩ	Latin Ext-B	LATIN CAPITAL LETTER K WITH CARON	0.2107	0.0000		0
U+01E9	ǩ	Latin Ext-B	LATIN SMALL LETTER K WITH CARON	0.1844	0.0105		0
U+01EA	Ǫ	Latin Ext-B	LATIN CAPITAL LETTER O WITH OGONEK	0.2256	0.0000		0
U+01EB	ǫ	Latin Ext-B	LATIN SMALL LETTER O WITH OGONEK	0.1689	0.0000		0
U+01EC	Ǭ	Latin Ext-B	LATIN CAPITAL LETTER O WITH OGONEK AND MACRON	0.2543	0.0000		0
U+01ED	ǭ	Latin Ext-B	LATIN SMALL LETTER O WITH OGONEK AND MACRON	0.1976	0.0000		0
U+01F1	Ǳ	Latin Ext-B	LATIN CAPITAL LETTER DZ	0.2510	0.0000		0
U+01F2	ǲ	Latin Ext-B	LATIN CAPITAL LETTER D WITH SMALL LETTER Z	0.2296	0.0000		0
U+01F3	ǳ	Latin Ext-B	LATIN SMALL LETTER DZ	0.2231	0.0000		0
U+01F4	Ǵ	Latin Ext-B	LATIN CAPITAL LETTER G WITH ACUTE	0.2204	0.0000		0
U+01F5	ǵ	Latin Ext-B	LATIN SMALL LETTER G WITH ACUTE	0.2301	0.0000		0
U+01F8	Ǹ	Latin Ext-B	LATIN CAPITAL LETTER N WITH GRAVE	0.2236	0.0000		0
U+01F9	ǹ	Latin Ext-B	LATIN SMALL LETTER N WITH GRAVE	0.1571	0.0000		0
U+01FA	Ǻ	Latin Ext-B	LATIN CAPITAL LETTER A WITH RING ABOVE AND ACUTE	0.1960	0.0437		0
U+01FB	ǻ	Latin Ext-B	LATIN SMALL LETTER A WITH RING ABOVE AND ACUTE	0.1911	0.0000		0
U+01FC	Ǽ	Latin Ext-B	LATIN CAPITAL LETTER AE WITH ACUTE	0.2493	0.0000		0
U+01FD	ǽ	Latin Ext-B	LATIN SMALL LETTER AE WITH ACUTE	0.2211	0.0000		0
U+01FE	Ǿ	Latin Ext-B	LATIN CAPITAL LETTER O WITH STROKE AND ACUTE	0.2648	0.0000		0
U+01FF	ǿ	Latin Ext-B	LATIN SMALL LETTER O WITH STROKE AND ACUTE	0.1961	0.0000		0
U+0200	Ȁ	Latin Ext-B	LATIN CAPITAL LETTER A WITH DOUBLE GRAVE	0.2049	0.0000		0
U+0201	ȁ	Latin Ext-B	LATIN SMALL LETTER A WITH DOUBLE GRAVE	0.1890	0.0000		0
U+0202	Ȃ	Latin Ext-B	LATIN CAPITAL LETTER A WITH INVERTED BREVE	0.2025	0.0000		0
U+0203	ȃ	Latin Ext-B	LATIN SMALL LETTER A WITH INVERTED BREVE	0.1882	0.0000		0
U+0204	Ȅ	Latin Ext-B	LATIN CAPITAL LETTER E WITH DOUBLE GRAVE	0.2137	0.0000		0
U+0205	ȅ	Latin Ext-B	LATIN SMALL LETTER E WITH DOUBLE GRAVE	0.1884	0.0000		0
U+0206	Ȇ	Latin Ext-B	LATIN CAPITAL LETTER E WITH INVERTED BREVE	0.2114	0.0000		0
U+0207	ȇ	Latin Ext-B	LATIN SMALL LETTER E WITH INVERTED BREVE	0.1877	0.0000		0
U+0208	Ȉ	Latin Ext-B	LATIN CAPITAL LETTER I WITH DOUBLE GRAVE	0.1712	0.0000		0
U+0209	ȉ	Latin Ext-B	LATIN SMALL LETTER I WITH DOUBLE GRAVE	0.1432	0.0000		0
U+020A	Ȋ	Latin Ext-B	LATIN CAPITAL LETTER I WITH INVERTED BREVE	0.1688	0.0000		0
U+020B	ȋ	Latin Ext-B	LATIN SMALL LETTER I WITH INVERTED BREVE	0.1425	0.0000		0
U+020C	Ȍ	Latin Ext-B	LATIN CAPITAL LETTER O WITH DOUBLE GRAVE	0.2373	0.0000		0
U+020D	ȍ	Latin Ext-B	LATIN SMALL LETTER O WITH DOUBLE GRAVE	0.1808	0.0000		0
U+020E	Ȏ	Latin Ext-B	LATIN CAPITAL LETTER O WITH INVERTED BREVE	0.2350	0.0000		0
U+020F	ȏ	Latin Ext-B	LATIN SMALL LETTER O WITH INVERTED BREVE	0.1801	0.0000		0
U+0210	Ȑ	Latin Ext-B	LATIN CAPITAL LETTER R WITH DOUBLE GRAVE	0.2391	0.0000		0
U+0211	ȑ	Latin Ext-B	LATIN SMALL LETTER R WITH DOUBLE GRAVE	0.1607	0.0000		0
U+0212	Ȓ	Latin Ext-B	LATIN CAPITAL LETTER R WITH INVERTED BREVE	0.2369	0.0000		0
U+0213	ȓ	Latin Ext-B	LATIN SMALL LETTER R WITH INVERTED BREVE	0.1602	0.0000		0
U+0214	Ȕ	Latin Ext-B	LATIN CAPITAL LETTER U WITH DOUBLE GRAVE	0.2131	0.0000		0
U+0215	ȕ	Latin Ext-B	LATIN SMALL LETTER U WITH DOUBLE GRAVE	0.1751	0.0000		0
U+0216	Ȗ	Latin Ext-B	LATIN CAPITAL LETTER U WITH INVERTED BREVE	0.2110	0.0000		0
U+0217	ȗ	Latin Ext-B	LATIN SMALL LETTER U WITH INVERTED BREVE	0.1744	0.0000		0
U+0218	Ș	Latin Ext-B	LATIN CAPITAL LETTER S WITH COMMA BELOW	0.2017	0.0000		0
U+0219	ș	Latin Ext-B	LATIN SMALL LETTER S WITH COMMA BELOW	0.1489	0.0000		0
U+021A	Ț	Latin Ext-B	LATIN CAPITAL LETTER T WITH COMMA BELOW	0.1419	0.0000		0
U+021B	ț	Latin Ext-B	LATIN SMALL LETTER T WITH COMMA BELOW	0.1401	0.0000		0
U+021E	Ȟ	Latin Ext-B	LATIN CAPITAL LETTER H WITH CARON	0.2191	0.0000		0
U+021F	ȟ	Latin Ext-B	LATIN SMALL LETTER H WITH CARON	0.1865	0.0159		0
U+0226	Ȧ	Latin Ext-B	LATIN CAPITAL LETTER A WITH DOT ABOVE	0.1850	0.0000		0
U+0227	ȧ	Latin Ext-B	LATIN SMALL LETTER A WITH DOT ABOVE	0.1660	0.0000		0
U+0228	Ȩ	Latin Ext-B	LATIN CAPITAL LETTER E WITH CEDILLA	0.2099	0.0000		0
U+0229	ȩ	Latin Ext-B	LATIN SMALL LETTER E WITH CEDILLA	0.1810	0.0000		0
U+022A	Ȫ	Latin Ext-B	LATIN CAPITAL LETTER O WITH DIAERESIS AND MACRON	0.2308	0.0678		0
U+022B	ȫ	Latin Ext-B	LATIN SMALL LETTER O WITH DIAERESIS AND MACRON	0.1973	0.0000		0
U+022C	Ȭ	Latin Ext-B	LATIN CAPITAL LETTER O WITH TILDE AND MACRON	0.2412	0.0685		0
U+022D	ȭ	Latin Ext-B	LATIN SMALL LETTER O WITH TILDE AND MACRON	0.2110	0.0000		0
U+022E	Ȯ	Latin Ext-B	LATIN CAPITAL LETTER O WITH DOT ABOVE	0.2175	0.0000		0
U+022F	ȯ	Latin Ext-B	LATIN SMALL LETTER O WITH DOT ABOVE	0.1578	0.0000		0
U+0230	Ȱ	Latin Ext-B	LATIN CAPITAL LETTER O WITH DOT ABOVE AND MACRON	0.2221	0.0703		0
U+0231	ȱ	Latin Ext-B	LATIN SMALL LETTER O WITH DOT ABOVE AND MACRON	0.1865	0.0000		0
U+0232	Ȳ	Latin Ext-B	LATIN CAPITAL LETTER Y WITH MACRON	0.1570	0.0000		0
U+0233	ȳ	Latin Ext-B	LATIN SMALL LETTER Y WITH MACRON	0.1665	0.0000		0
U+0237	ȷ	Latin Ext-B	LATIN SMALL LETTER DOTLESS J	0.1149	0.0000		0
U+02BC	ʼ	Spacing Modifiers	MODIFIER LETTER APOSTROPHE	0.0393	0.0000		0
U+02C6	ˆ	Spacing Modifiers	MODIFIER LETTER CIRCUMFLEX ACCENT	0.0373	0.0000		0
U+02C7	ˇ	Spacing Modifiers	CARON	0.0373	0.0000		0
U+02D8	˘	Spacing Modifiers	BREVE	0.0377	0.0000		0
U+02D9	˙	Spacing Modifiers	DOT ABOVE	0.0154	0.0000		0
U+02DA	˚	Spacing Modifiers	RING ABOVE	0.0367	0.0000		0
U+02DB	˛	Spacing Modifiers	OGONEK	0.0265	0.0000		0
U+02DC	˜	Spacing Modifiers	SMALL TILDE	0.0399	0.0000		0
U+02DD	˝	Spacing Modifiers	DOUBLE ACUTE ACCENT	0.0383	0.0000		0
U+037E	;	Greek	GREEK QUESTION MARK	0.0710	0.0000	U+003B	0
U+0384	΄	Greek	GREEK TONOS	0.0195	0.0000		1
U+0385	΅	Greek	GREEK DIALYTIKA TONOS	0.0443	0.0000		1
U+0386	Ά	Greek	GREEK CAPITAL LETTER ALPHA WITH TONOS	0.1800	0.0000		1
U+0387	·	Greek	GREEK ANO TELEIA	0.0211	0.0000		1
U+0388	Έ	Greek	GREEK CAPITAL LETTER EPSILON WITH TONOS	0.1662	0.0000		1
U+0389	Ή	Greek	GREEK CAPITAL LETTER ETA WITH TONOS	0.1818	0.0000		1
U+038A	Ί	Greek	GREEK CAPITAL LETTER IOTA WITH TONOS	0.1447	0.0000		1
U+038C	Ό	Greek	GREEK CAPITAL LETTER OMICRON WITH TONOS	0.1965	0.0000		1
U+038E	Ύ	Greek	GREEK CAPITAL LETTER UPSILON WITH TONOS	0.1338	0.0000		1
U+038F	Ώ	Greek	GREEK CAPITAL LETTER OMEGA WITH TONOS	0.2129	0.0000		1
U+0390	ΐ	Greek	GREEK SMALL LETTER IOTA WITH DIALYTIKA AND TONOS	0.1315	0.0000		1
U+0391	Α	Greek	GREEK CAPITAL LETTER ALPHA	0.1697	0.0000	U+0041	0
U+0392	Β	Greek	GREEK CAPITAL LETTER BETA	0.2223	0.0000	U+0042	0
U+0393	Γ	Greek	GREEK CAPITAL LETTER GAMMA	0.1141	0.0000		1
U+0394	Δ	Greek	GREEK CAPITAL LETTER DELTA	0.1840	0.0000		1
U+0395	Ε	Greek	GREEK CAPITAL LETTER EPSILON	0.1786	0.0000	U+0045	0
U+0396	Ζ	Greek	GREEK CAPITAL LETTER ZETA	0.1661	0.0000	U+005A	0
U+0397	Η	Greek	GREEK CAPITAL LETTER ETA	0.1884	0.0000	U+0048	0
U+0398	Θ	Greek	GREEK CAPITAL LETTER THETA	0.2246	0.0000		1
U+0399	Ι	Greek	GREEK CAPITAL LETTER IOTA	0.1359	0.0000	U+0049	0
U+039A	Κ	Greek	GREEK CAPITAL LETTER KAPPA	0.1797	0.0000	U+004B	0
U+039B	Λ	Greek	GREEK CAPITAL LETTER LAMDA	0.1474	0.0000		1
U+039C	Μ	Greek	GREEK CAPITAL LETTER MU	0.2234	0.0000	U+004D	0
U+039D	Ν	Greek	GREEK CAPITAL LETTER NU	0.2050	0.0000	U+004E	0
U+039E	Ξ	Greek	GREEK CAPITAL LETTER XI	0.1389	0.0000		1
U+039F	Ο	Greek	GREEK CAPITAL LETTER OMICRON	0.2021	0.0000	U+004F	0
U+03A0	Π	Greek	GREEK CAPITAL LETTER PI	0.1891	0.0000		1
U+03A1	Ρ	Greek	GREEK CAPITAL LETTER RHO	0.1724	0.0000	U+0050	0
U+03A3	Σ	Greek	GREEK CAPITAL LETTER SIGMA	0.1621	0.0000		1
U+03A4	Τ	Greek	GREEK CAPITAL LETTER TAU	0.1232	0.0000	U+0054	0
U+03A5	Υ	Greek	GREEK CAPITAL LETTER UPSILON	0.1283	0.0000	U+0059	0
U+03A6	Φ	Greek	GREEK CAPITAL LETTER PHI	0.2356	0.0000		1
U+03A7	Χ	Greek	GREEK CAPITAL LETTER CHI	0.1636	0.0000	U+0058	0
U+03A8	Ψ	Greek	GREEK CAPITAL LETTER PSI	0.2014	0.0000		1
U+03A9	Ω	Greek	GREEK CAPITAL LETTER OMEGA	0.2206	0.0000		1
U+03AA	Ϊ	Greek	GREEK CAPITAL LETTER IOTA WITH DIALYTIKA	0.1620	0.0000	U+00CF	0
U+03AB	Ϋ	Greek	GREEK CAPITAL LETTER UPSILON WITH DIALYTIKA	0.1544	0.0000	U+0178	0
U+03AC	ά	Greek	GREEK SMALL LETTER ALPHA WITH TONOS	0.1824	0.0000		1
U+03AD	έ	Greek	GREEK SMALL LETTER EPSILON WITH TONOS	0.1611	0.0000		1
U+03AE	ή	Greek	GREEK SMALL LETTER ETA WITH TONOS	0.1796	0.0000		1
U+03AF	ί	Greek	GREEK SMALL LETTER IOTA WITH TONOS	0.1067	0.0000		1
U+03B0	ΰ	Greek	GREEK SMALL LETTER UPSILON WITH DIALYTIKA AND TONOS	0.1732	0.0000		1
U+03B1	α	Greek	GREEK SMALL LETTER ALPHA	0.1628	0.0000		1
U+03B2	β	Greek	GREEK SMALL LETTER BETA	0.2245	0.0000		1
U+03B3	γ	Greek	GREEK SMALL LETTER GAMMA	0.1323	0.0000		1
U+03B4	δ	Greek	GREEK SMALL LETTER DELTA	0.1869	0.0000		1
U+03B5	ε	Greek	GREEK SMALL LETTER EPSILON	0.1413	0.0000		1
U+03B6	ζ	Greek	GREEK SMALL LETTER ZETA	0.1513	0.0000		1
U+03B7	η	Greek	GREEK SMALL LETTER ETA	0.1601	0.0000		1
U+03B8	θ	Greek	GREEK SMALL LETTER THETA	0.2177	0.0000		1
U+03B9	ι	Greek	GREEK SMALL LETTER IOTA	0.0872	0.0000		1
U+03BA	κ	Greek	GREEK SMALL LETTER KAPPA	0.1396	0.0000		1
U+03BB	λ	Greek	GREEK SMALL LETTER LAMDA	0.1412	0.0000		1
U+03BC	μ	Greek	GREEK SMALL LETTER MU	0.1657	0.0000	U+00B5	0
U+03BD	ν	Greek	GREEK SMALL LETTER NU	0.1138	0.0000		1
U+03BE	ξ	Greek	GREEK SMALL LETTER XI	0.1692	0.0000		1
U+03BF	ο	Greek	GREEK SMALL LETTER OMICRON	0.1424	0.0000	U+006F	0
U+03C0	π	Greek	GREEK SMALL LETTER PI	0.1555	0.0000		1
U+03C1	ρ	Greek	GREEK SMALL LETTER RHO	0.1734	0.0000		1
U+03C2	ς	Greek	GREEK SMALL LETTER FINAL SIGMA	0.1251	0.0000		1
U+03C3	σ	Greek	GREEK SMALL LETTER SIGMA	0.1574	0.0000		1
U+03C4	τ	Greek	GREEK SMALL LETTER TAU	0.1084	0.0000		1
U+03C5	υ	Greek	GREEK SMALL LETTER UPSILON	0.1288	0.0000		1
U+03C6	φ	Greek	GREEK SMALL LETTER PHI	0.2120	0.0000		1
U+03C7	χ	Greek	GREEK SMALL LETTER CHI	0.1593	0.0000		1
U+03C8	ψ	Greek	GREEK SMALL LETTER PSI	0.2031	0.0000		1
U+03C9	ω	Greek	GREEK SMALL LETTER OMEGA	0.1647	0.0000		1
U+03CA	ϊ	Greek	GREEK SMALL LETTER IOTA WITH DIALYTIKA	0.1129	0.0000		1
U+03CB	ϋ	Greek	GREEK SMALL LETTER UPSILON WITH DIALYTIKA	0.1551	0.0000		1
U+03CC	ό	Greek	GREEK SMALL LETTER OMICRON WITH TONOS	0.1619	0.0000		1
U+03CD	ύ	Greek	GREEK SMALL LETTER UPSILON WITH TONOS	0.1482	0.0000		1
U+03CE	ώ	Greek	GREEK SMALL LETTER OMEGA WITH TONOS	0.1842	0.0000		1
U+0400	Ѐ	Cyrillic	CYRILLIC CAPITAL LETTER IE WITH GRAVE	0.1971	0.0000	U+00C8	0
U+0401	Ё	Cyrillic	CYRILLIC CAPITAL LETTER IO	0.2046	0.0000	U+00CB	0
U+0402	Ђ	Cyrillic	CYRILLIC CAPITAL LETTER DJE	0.1937	0.0000		0
U+0403	Ѓ	Cyrillic	CYRILLIC CAPITAL LETTER GJE	0.1879	0.0000		0
U+0404	Є	Cyrillic	CYRILLIC CAPITAL LETTER UKRAINIAN IE	0.1968	0.0000		0
U+0405	Ѕ	Cyrillic	CYRILLIC CAPITAL LETTER DZE	0.1828	0.0000	U+0053	0
U+0406	І	Cyrillic	CYRILLIC CAPITAL LETTER BYELORUSSIAN-UKRAINIAN I	0.1359	0.0000	U+0049	0
U+0407	Ї	Cyrillic	CYRILLIC CAPITAL LETTER YI	0.1620	0.0000	U+00CF	0
U+0408	Ј	Cyrillic	CYRILLIC CAPITAL LETTER JE	0.1380	0.0000	U+004A	0
U+0409	Љ	Cyrillic	CYRILLIC CAPITAL LETTER LJE	0.2266	0.0000		0
U+040A	Њ	Cyrillic	CYRILLIC CAPITAL LETTER NJE	0.2188	0.0000		0
U+040B	Ћ	Cyrillic	CYRILLIC CAPITAL LETTER TSHE	0.1825	0.0000		0
U+040C	Ќ	Cyrillic	CYRILLIC CAPITAL LETTER KJE	0.1948	0.0000		0
U+040D	Ѝ	Cyrillic	CYRILLIC CAPITAL LETTER I WITH GRAVE	0.2217	0.0000		0
U+040E	Ў	Cyrillic	CYRILLIC CAPITAL LETTER SHORT U	0.1765	0.0000		0
U+040F	Џ	Cyrillic	CYRILLIC CAPITAL LETTER DZHE	0.2081	0.0000		0
U+0410	А	Cyrillic	CYRILLIC CAPITAL LETTER A	0.1697	0.0000	U+0041	0
U+0411	Б	Cyrillic	CYRILLIC CAPITAL LETTER BE	0.2075	0.0000		0
U+0412	В	Cyrillic	CYRILLIC CAPITAL LETTER VE	0.2223	0.0000	U+0042	0
U+0413	Г	Cyrillic	CYRILLIC CAPITAL LETTER GHE	0.1694	0.0000		0
U+0414	Д	Cyrillic	CYRILLIC CAPITAL LETTER DE	0.2508	0.0000		0
U+0415	Е	Cyrillic	CYRILLIC CAPITAL LETTER IE	0.1786	0.0000	U+0045	0
U+0416	Ж	Cyrillic	CYRILLIC CAPITAL LETTER ZHE	0.2214	0.0001		0
U+0417	З	Cyrillic	CYRILLIC CAPITAL LETTER ZE	0.1772	0.0000		0
U+0418	И	Cyrillic	CYRILLIC CAPITAL LETTER I	0.2033	0.0000		0
U+0419	Й	Cyrillic	CYRILLIC CAPITAL LETTER SHORT I	0.2358	0.0000		0
U+041A	К	Cyrillic	CYRILLIC CAPITAL LETTER KA	0.1763	0.0000		0
U+041B	Л	Cyrillic	CYRILLIC CAPITAL LETTER EL	0.1850	0.0000		0
U+041C	М	Cyrillic	CYRILLIC CAPITAL LETTER EM	0.2234	0.0000	U+004D	0
U+041D	Н	Cyrillic	CYRILLIC CAPITAL LETTER EN	0.1884	0.0000	U+0048	0
U+041E	О	Cyrillic	CYRILLIC CAPITAL LETTER O	0.2021	0.0000	U+004F	0
U+041F	П	Cyrillic	CYRILLIC CAPITAL LETTER PE	0.1923	0.0000		0
U+0420	Р	Cyrillic	CYRILLIC CAPITAL LETTER ER	0.1724	0.0000	U+0050	0
U+0421	С	Cyrillic	CYRILLIC CAPITAL LETTER ES	0.1712	0.0000	U+0043	0
U+0422	Т	Cyrillic	CYRILLIC CAPITAL LETTER TE	0.1232	0.0000	U+0054	0
U+0423	У	Cyrillic	CYRILLIC CAPITAL LETTER U	0.1440	0.0000		0
U+0424	Ф	Cyrillic	CYRILLIC CAPITAL LETTER EF	0.2349	0.0000		0
U+0425	Х	Cyrillic	CYRILLIC CAPITAL LETTER HA	0.1636	0.0000	U+0058	0
U+0426	Ц	Cyrillic	CYRILLIC CAPITAL LETTER TSE	0.2142	0.0000		0
U+0427	Ч	Cyrillic	CYRILLIC CAPITAL LETTER CHE	0.1553	0.0000		0
U+0428	Ш	Cyrillic	CYRILLIC CAPITAL LETTER SHA	0.2453	0.0000		0
U+0429	Щ	Cyrillic	CYRILLIC CAPITAL LETTER SHCHA	0.2637	0.0000		0
U+042A	Ъ	Cyrillic	CYRILLIC CAPITAL LETTER HARD SIGN	0.1834	0.0000		0
U+042B	Ы	Cyrillic	CYRILLIC CAPITAL LETTER YERU	0.2213	0.0000		0
U+042C	Ь	Cyrillic	CYRILLIC CAPITAL LETTER SOFT SIGN	0.1758	0.0000		0
U+042D	Э	Cyrillic	CYRILLIC CAPITAL LETTER E	0.1998	0.0000		0
U+042E	Ю	Cyrillic	CYRILLIC CAPITAL LETTER YU	0.2496	0.0000		0
U+042F	Я	Cyrillic	CYRILLIC CAPITAL LETTER YA	0.2044	0.0000		0
U+0430	а	Cyrillic	CYRILLIC SMALL LETTER A	0.1506	0.0000	U+0061	0
U+0431	б	Cyrillic	CYRILLIC SMALL LETTER BE	0.1987	0.0000		0
U+0432	в	Cyrillic	CYRILLIC SMALL LETTER VE	0.1620	0.0000		0
U+0433	г	Cyrillic	CYRILLIC SMALL LETTER GHE	0.1253	0.0000		0
U+0434	д	Cyrillic	CYRILLIC SMALL LETTER DE	0.1921	0.0000		0
U+0435	е	Cyrillic	CYRILLIC SMALL LETTER IE	0.1500	0.0000	U+0065	0
U+0436	ж	Cyrillic	CYRILLIC SMALL LETTER ZHE	0.1682	0.0001		0
U+0437	з	Cyrillic	CYRILLIC SMALL LETTER ZE	0.1269	0.0000		0
U+0438	и	Cyrillic	CYRILLIC SMALL LETTER I	0.1542	0.0000		0
U+0439	й	Cyrillic	CYRILLIC SMALL LETTER SHORT I	0.1868	0.0000		0
U+043A	к	Cyrillic	CYRILLIC SMALL LETTER KA	0.1271	0.0000		0
U+043B	л	Cyrillic	CYRILLIC SMALL LETTER EL	0.1350	0.0000		0
U+043C	м	Cyrillic	CYRILLIC SMALL LETTER EM	0.1721	0.0000		0
U+043D	н	Cyrillic	CYRILLIC SMALL LETTER EN	0.1391	0.0000		0
U+043E	о	Cyrillic	CYRILLIC SMALL LETTER O	0.1424	0.0000	U+006F	0
U+043F	п	Cyrillic	CYRILLIC SMALL LETTER PE	0.1401	0.0000		0
U+0440	р	Cyrillic	CYRILLIC SMALL LETTER ER	0.1807	0.0000		0
U+0441	с	Cyrillic	CYRILLIC SMALL LETTER ES	0.1205	0.0000	U+0063	0
U+0442	т	Cyrillic	CYRILLIC SMALL LETTER TE	0.0933	0.0000		0
U+0443	у	Cyrillic	CYRILLIC SMALL LETTER U	0.1378	0.0000	U+0079	0
U+0444	ф	Cyrillic	CYRILLIC SMALL LETTER EF	0.2265	0.0000		0
U+0445	х	Cyrillic	CYRILLIC SMALL LETTER HA	0.1198	0.0000	U+0078	0
U+0446	ц	Cyrillic	CYRILLIC SMALL LETTER TSE	0.1600	0.0000		0
U+0447	ч	Cyrillic	CYRILLIC SMALL LETTER CHE	0.1150	0.0000		0
U+0448	ш	Cyrillic	CYRILLIC SMALL LETTER SHA	0.1849	0.0000		0
U+0449	щ	Cyrillic	CYRILLIC SMALL LETTER SHCHA	0.1989	0.0294		0
U+044A	ъ	Cyrillic	CYRILLIC SMALL LETTER HARD SIGN	0.1382	0.0000		0
U+044B	ы	Cyrillic	CYRILLIC SMALL LETTER YERU	0.1704	0.0000		0
U+044C	ь	Cyrillic	CYRILLIC SMALL LETTER SOFT SIGN	0.1315	0.0000		0
U+044D	э	Cyrillic	CYRILLIC SMALL LETTER E	0.1432	0.0000		0
U+044E	ю	Cyrillic	CYRILLIC SMALL LETTER YU	0.1897	0.0000		0
U+044F	я	Cyrillic	CYRILLIC SMALL LETTER YA	0.1464	0.0000		0
U+0450	ѐ	Cyrillic	CYRILLIC SMALL LETTER IE WITH GRAVE	0.1706	0.0000	U+00E8	0
U+0451	ё	Cyrillic	CYRILLIC SMALL LETTER IO	0.1762	0.0000	U+00EB	0
U+0452	ђ	Cyrillic	CYRILLIC SMALL LETTER DJE	0.1973	0.0000		0
U+0453	ѓ	Cyrillic	CYRILLIC SMALL LETTER GJE	0.1459	0.0000		0
U+0454	є	Cyrillic	CYRILLIC SMALL LETTER UKRAINIAN IE	0.1430	0.0000		0
U+0455	ѕ	Cyrillic	CYRILLIC SMALL LETTER DZE	0.1301	0.0000	U+0073	0
U+0456	і	Cyrillic	CYRILLIC SMALL LETTER BYELORUSSIAN-UKRAINIAN I	0.1239	0.0000	U+0069	0
U+0457	ї	Cyrillic	CYRILLIC SMALL LETTER YI	0.1311	0.0000	U+00EF	0
U+0458	ј	Cyrillic	CYRILLIC SMALL LETTER JE	0.1339	0.0000	U+006A	0
U+0459	љ	Cyrillic	CYRILLIC SMALL LETTER LJE	0.1754	0.0000		0
U+045A	њ	Cyrillic	CYRILLIC SMALL LETTER NJE	0.1750	0.0000		0
U+045B	ћ	Cyrillic	CYRILLIC SMALL LETTER TSHE	0.1730	0.0000	U+0127	0
U+045C	ќ	Cyrillic	CYRILLIC SMALL LETTER KJE	0.1476	0.0000		0
U+045D	ѝ	Cyrillic	CYRILLIC SMALL LETTER I WITH GRAVE	0.1747	0.0000		0
U+045E	ў	Cyrillic	CYRILLIC SMALL LETTER SHORT U	0.1704	0.0000		0
U+045F	џ	Cyrillic	CYRILLIC SMALL LETTER DZHE	0.1534	0.0000		0
U+0462	Ѣ	Cyrillic	CYRILLIC CAPITAL LETTER YAT	0.2044	0.0000		0
U+0463	ѣ	Cyrillic	CYRILLIC SMALL LETTER YAT	0.1809	0.0000		0
U+0472	Ѳ	Cyrillic	CYRILLIC CAPITAL LETTER FITA	0.2372	0.0000		0
U+0473	ѳ	Cyrillic	CYRILLIC SMALL LETTER FITA	0.1697	0.0000		0
U+0474	Ѵ	Cyrillic	CYRILLIC CAPITAL LETTER IZHITSA	0.1509	0.0000		0
U+0475	ѵ	Cyrillic	CYRILLIC SMALL LETTER IZHITSA	0.1153	0.0000		0
U+048A	Ҋ	Cyrillic	CYRILLIC CAPITAL LETTER SHORT I WITH TAIL	0.2545	0.0000		0
U+048B	ҋ	Cyrillic	CYRILLIC SMALL LETTER SHORT I WITH TAIL	0.2074	0.0000		0
U+048C	Ҍ	Cyrillic	CYRILLIC CAPITAL LETTER SEMISOFT SIGN	0.2044	0.0000	U+0462	0
U+048D	ҍ	Cyrillic	CYRILLIC SMALL LETTER SEMISOFT SIGN	0.1809	0.0000	U+0463	0
U+048E	Ҏ	Cyrillic	CYRILLIC CAPITAL LETTER ER WITH TICK	0.1971	0.0000		0
U+048F	ҏ	Cyrillic	CYRILLIC SMALL LETTER ER WITH TICK	0.2044	0.0000		0
U+0490	Ґ	Cyrillic	CYRILLIC CAPITAL LETTER GHE WITH UPTURN	0.1832	0.0000		0
U+0491	ґ	Cyrillic	CYRILLIC SMALL LETTER GHE WITH UPTURN	0.1387	0.0000		0
U+0492	Ғ	Cyrillic	CYRILLIC CAPITAL LETTER GHE WITH STROKE	0.1980	0.0000		0
U+0493	ғ	Cyrillic	CYRILLIC SMALL LETTER GHE WITH STROKE	0.1474	0.0000		0
U+0494	Ҕ	Cyrillic	CYRILLIC CAPITAL LETTER GHE WITH MIDDLE HOOK	0.1907	0.0000		0
U+0495	ҕ	Cyrillic	CYRILLIC SMALL LETTER GHE WITH MIDDLE HOOK	0.1643	0.0000		0
U+0496	Җ	Cyrillic	CYRILLIC CAPITAL LETTER ZHE WITH DESCENDER	0.2272	0.0001		0
U+0497	җ	Cyrillic	CYRILLIC SMALL LETTER ZHE WITH DESCENDER	0.1779	0.0001		0
U+0498	Ҙ	Cyrillic	CYRILLIC CAPITAL LETTER ZE WITH DESCENDER	0.1905	0.0000		0
U+0499	ҙ	Cyrillic	CYRILLIC SMALL LETTER ZE WITH DESCENDER	0.1403	0.0000		0
U+049A	Қ	Cyrillic	CYRILLIC CAPITAL LETTER KA WITH DESCENDER	0.1946	0.0000		0
U+049B	қ	Cyrillic	CYRILLIC SMALL LETTER KA WITH DESCENDER	0.1457	0.0000		0
U+049C	Ҝ	Cyrillic	CYRILLIC CAPITAL LETTER KA WITH VERTICAL STROKE	0.1983	0.0000		0
U+049D	ҝ	Cyrillic	CYRILLIC SMALL LETTER KA WITH VERTICAL STROKE	0.1483	0.0000		0
U+049E	Ҟ	Cyrillic	CYRILLIC CAPITAL LETTER KA WITH STROKE	0.1961	0.0000		0
U+049F	ҟ	Cyrillic	CYRILLIC SMALL LETTER KA WITH STROKE	0.1693	0.0000		0
U+04A0	Ҡ	Cyrillic	CYRILLIC CAPITAL LETTER BASHKIR KA	0.1796	0.0000		0
U+04A1	ҡ	Cyrillic	CYRILLIC SMALL LETTER BASHKIR KA	0.1417	0.0000		0
U+04A2	Ң	Cyrillic	CYRILLIC CAPITAL LETTER EN WITH DESCENDER	0.2113	0.0000		0
U+04A3	ң	Cyrillic	CYRILLIC SMALL LETTER EN WITH DESCENDER	0.1606	0.0000		0
U+04A4	Ҥ	Cyrillic	CYRILLIC CAPITAL LIGATURE EN GHE	0.1952	0.0000		0
U+04A5	ҥ	Cyrillic	CYRILLIC SMALL LIGATURE EN GHE	0.1532	0.0000		0
U+04A6	Ҧ	Cyrillic	CYRILLIC CAPITAL LETTER PE WITH MIDDLE HOOK	0.2182	0.0000		0
U+04A7	ҧ	Cyrillic	CYRILLIC SMALL LETTER PE WITH MIDDLE HOOK	0.1809	0.0000		0
U+04A8	Ҩ	Cyrillic	CYRILLIC CAPITAL LETTER ABKHASIAN HA	0.2417	0.0017		0
U+04A9	ҩ	Cyrillic	CYRILLIC SMALL LETTER ABKHASIAN HA	0.1840	0.0000		0
U+04AA	Ҫ	Cyrillic	CYRILLIC CAPITAL LETTER ES WITH DESCENDER	0.2003	0.0000	U+00C7	0
U+04AB	ҫ	Cyrillic	CYRILLIC SMALL LETTER ES WITH DESCENDER	0.1515	0.0000	U+00E7	0
U+04AC	Ҭ	Cyrillic	CYRILLIC CAPITAL LETTER TE WITH DESCENDER	0.1468	0.0000		0
U+04AD	ҭ	Cyrillic	CYRILLIC SMALL LETTER TE WITH DESCENDER	0.1153	0.0000		0
U+04AE	Ү	Cyrillic	CYRILLIC CAPITAL LETTER STRAIGHT U	0.1283	0.0000	U+0059	0
U+04AF	ү	Cyrillic	CYRILLIC SMALL LETTER STRAIGHT U	0.1270	0.0000		0
U+04B0	Ұ	Cyrillic	CYRILLIC CAPITAL LETTER STRAIGHT U WITH STROKE	0.1627	0.0000		0
U+04B1	ұ	Cyrillic	CYRILLIC SMALL LETTER STRAIGHT U WITH STROKE	0.1496	0.0000		0
U+04B2	Ҳ	Cyrillic	CYRILLIC CAPITAL LETTER HA WITH DESCENDER	0.1823	0.0000		0
U+04B3	ҳ	Cyrillic	CYRILLIC SMALL LETTER HA WITH DESCENDER	0.1394	0.0000		0
U+04B4	Ҵ	Cyrillic	CYRILLIC CAPITAL LIGATURE TE TSE	0.2305	0.0000		0
U+04B5	ҵ	Cyrillic	CYRILLIC SMALL LIGATURE TE TSE	0.1788	0.0000		0
U+04B6	Ҷ	Cyrillic	CYRILLIC CAPITAL LETTER CHE WITH DESCENDER	0.1723	0.0000		0
U+04B7	ҷ	Cyrillic	CYRILLIC SMALL LETTER CHE WITH DESCENDER	0.1361	0.0000		0
U+04B8	Ҹ	Cyrillic	CYRILLIC CAPITAL LETTER CHE WITH VERTICAL STROKE	0.1818	0.0000		0
U+04B9	ҹ	Cyrillic	CYRILLIC SMALL LETTER CHE WITH VERTICAL STROKE	0.1348	0.0000		0
U+04BA	Һ	Cyrillic	CYRILLIC CAPITAL LETTER SHHA	0.1560	0.0000		0
U+04BB	һ	Cyrillic	CYRILLIC SMALL LETTER SHHA	0.1585	0.0000	U+0068	0
U+04BC	Ҽ	Cyrillic	CYRILLIC CAPITAL LETTER ABKHASIAN CHE	0.2228	0.0000		0
U+04BD	ҽ	Cyrillic	CYRILLIC SMALL LETTER ABKHASIAN CHE	0.1658	0.0000		0
U+04BE	Ҿ	Cyrillic	CYRILLIC CAPITAL LETTER ABKHASIAN CHE WITH DESCENDER	0.2356	0.0000		0
U+04BF	ҿ	Cyrillic	CYRILLIC SMALL LETTER ABKHASIAN CHE WITH DESCENDER	0.1790	0.0000		0
U+04C0	Ӏ	Cyrillic	CYRILLIC LETTER PALOCHKA	0.1359	0.0000	U+0049	0
U+04C1	Ӂ	Cyrillic	CYRILLIC CAPITAL LETTER ZHE WITH BREVE	0.2539	0.0001		0
U+04C2	ӂ	Cyrillic	CYRILLIC SMALL LETTER ZHE WITH BREVE	0.2006	0.0001		0
U+04C3	Ӄ	Cyrillic	CYRILLIC CAPITAL LETTER KA WITH HOOK	0.2105	0.0000		0
U+04C4	ӄ	Cyrillic	CYRILLIC SMALL LETTER KA WITH HOOK	0.1544	0.0000		0
U+04C5	Ӆ	Cyrillic	CYRILLIC CAPITAL LETTER EL WITH TAIL	0.2006	0.0000		0
U+04C6	ӆ	Cyrillic	CYRILLIC SMALL LETTER EL WITH TAIL	0.1555	0.0000		0
U+04C7	Ӈ	Cyrillic	CYRILLIC CAPITAL LETTER EN WITH HOOK	0.2140	0.0000		0
U+04C8	ӈ	Cyrillic	CYRILLIC SMALL LETTER EN WITH HOOK	0.1649	0.0000		0
U+04C9	Ӊ	Cyrillic	CYRILLIC CAPITAL LETTER EN WITH TAIL	0.2088	0.0000		0
U+04CA	ӊ	Cyrillic	CYRILLIC SMALL LETTER EN WITH TAIL	0.1596	0.0000		0
U+04CB	Ӌ	Cyrillic	CYRILLIC CAPITAL LETTER KHAKASSIAN CHE	0.1777	0.0000		0
U+04CC	ӌ	Cyrillic	CYRILLIC SMALL LETTER KHAKASSIAN CHE	0.1362	0.0000		0
U+04CD	Ӎ	Cyrillic	CYRILLIC CAPITAL LETTER EM WITH TAIL	0.2393	0.0000		0
U+04CE	ӎ	Cyrillic	CYRILLIC SMALL LETTER EM WITH TAIL	0.1874	0.0000		0
U+04CF	ӏ	Cyrillic	CYRILLIC SMALL LETTER PALOCHKA	0.1284	0.0000	U+006C	0
U+04D0	Ӑ	Cyrillic	CYRILLIC CAPITAL LETTER A WITH BREVE	0.2021	0.0000		0
U+04D1	ӑ	Cyrillic	CYRILLIC SMALL LETTER A WITH BREVE	0.1831	0.0000		0
U+04D2	Ӓ	Cyrillic	CYRILLIC CAPITAL LETTER A WITH DIAERESIS	0.1957	0.0000	U+00C4	0
U+04D3	ӓ	Cyrillic	CYRILLIC SMALL LETTER A WITH DIAERESIS	0.1764	0.0000	U+00E4	0
U+04D4	Ӕ	Cyrillic	CYRILLIC CAPITAL LIGATURE A IE	0.2308	0.0000		0
U+04D5	ӕ	Cyrillic	CYRILLIC SMALL LIGATURE A IE	0.2005	0.0000	U+00E6	0
U+04D6	Ӗ	Cyrillic	CYRILLIC CAPITAL LETTER IE WITH BREVE	0.2109	0.0000		0
U+04D7	ӗ	Cyrillic	CYRILLIC SMALL LETTER IE WITH BREVE	0.1824	0.0000		0
U+04D8	Ә	Cyrillic	CYRILLIC CAPITAL LETTER SCHWA	0.2225	0.0000		0
U+04D9	ә	Cyrillic	CYRILLIC SMALL LETTER SCHWA	0.1501	0.0000		0
U+04DA	Ӛ	Cyrillic	CYRILLIC CAPITAL LETTER SCHWA WITH DIAERESIS	0.2489	0.0000		0
U+04DB	ӛ	Cyrillic	CYRILLIC SMALL LETTER SCHWA WITH DIAERESIS	0.1765	0.0000		0
U+04DC	Ӝ	Cyrillic	CYRILLIC CAPITAL LETTER ZHE WITH DIAERESIS	0.2475	0.0001		0
U+04DD	ӝ	Cyrillic	CYRILLIC SMALL LETTER ZHE WITH DIAERESIS	0.1941	0.0001		0
U+04DE	Ӟ	Cyrillic	CYRILLIC CAPITAL LETTER ZE WITH DIAERESIS	0.2034	0.0000		0
U+04DF	ӟ	Cyrillic	CYRILLIC SMALL LETTER ZE WITH DIAERESIS	0.1533	0.0000		0
U+04E0	Ӡ	Cyrillic	CYRILLIC CAPITAL LETTER ABKHASIAN DZE	0.1667	0.0000		0
U+04E1	ӡ	Cyrillic	CYRILLIC SMALL LETTER ABKHASIAN DZE	0.1576	0.0000		0
U+04E2	Ӣ	Cyrillic	CYRILLIC CAPITAL LETTER I WITH MACRON	0.2320	0.0000		0
U+04E3	ӣ	Cyrillic	CYRILLIC SMALL LETTER I WITH MACRON	0.1829	0.0000		0
U+04E4	Ӥ	Cyrillic	CYRILLIC CAPITAL LETTER I WITH DIAERESIS	0.2294	0.0000		0
U+04E5	ӥ	Cyrillic	CYRILLIC SMALL LETTER I WITH DIAERESIS	0.1802	0.0000		0
U+04E6	Ӧ	Cyrillic	CYRILLIC CAPITAL LETTER O WITH DIAERESIS	0.2282	0.0000	U+00D6	0
U+04E7	ӧ	Cyrillic	CYRILLIC SMALL LETTER O WITH DIAERESIS	0.1686	0.0000	U+00F6	0
U+04E8	Ө	Cyrillic	CYRILLIC CAPITAL LETTER BARRED O	0.2365	0.0000		0
U+04E9	ө	Cyrillic	CYRILLIC SMALL LETTER BARRED O	0.1684	0.0000		0
U+04EA	Ӫ	Cyrillic	CYRILLIC CAPITAL LETTER BARRED O WITH DIAERESIS	0.2626	0.0000		0
U+04EB	ӫ	Cyrillic	CYRILLIC SMALL LETTER BARRED O WITH DIAERESIS	0.1946	0.0000		0
U+04EC	Ӭ	Cyrillic	CYRILLIC CAPITAL LETTER E WITH DIAERESIS	0.2261	0.0000		0
U+04ED	ӭ	Cyrillic	CYRILLIC SMALL LETTER E WITH DIAERESIS	0.1691	0.0000		0
U+04EE	Ӯ	Cyrillic	CYRILLIC CAPITAL LETTER U WITH MACRON	0.1727	0.0000		0
U+04EF	ӯ	Cyrillic	CYRILLIC SMALL LETTER U WITH MACRON	0.1665	0.0000		0
U+04F0	Ӱ	Cyrillic	CYRILLIC CAPITAL LETTER U WITH DIAERESIS	0.1699	0.0000		0
U+04F1	ӱ	Cyrillic	CYRILLIC SMALL LETTER U WITH DIAERESIS	0.1637	0.0000		0
U+04F2	Ӳ	Cyrillic	CYRILLIC CAPITAL LETTER U WITH DOUBLE ACUTE	0.1790	0.0000		0
U+04F3	ӳ	Cyrillic	CYRILLIC SMALL LETTER U WITH DOUBLE ACUTE	0.1762	0.0000		0
U+04F4	Ӵ	Cyrillic	CYRILLIC CAPITAL LETTER CHE WITH DIAERESIS	0.1814	0.0000		0
U+04F5	ӵ	Cyrillic	CYRILLIC SMALL LETTER CHE WITH DIAERESIS	0.1411	0.0000		0
U+04F6	Ӷ	Cyrillic	CYRILLIC CAPITAL LETTER GHE WITH DESCENDER	0.1842	0.0000		0
U+04F7	ӷ	Cyrillic	CYRILLIC SMALL LETTER GHE WITH DESCENDER	0.1393	0.0000		0
U+04F8	Ӹ	Cyrillic	CYRILLIC CAPITAL LETTER YERU WITH DIAERESIS	0.2475	0.0000		0
U+04F9	ӹ	Cyrillic	CYRILLIC SMALL LETTER YERU WITH DIAERESIS	0.1964	0.0000		0
U+04FA	Ӻ	Cyrillic	CYRILLIC CAPITAL LETTER GHE WITH STROKE AND HOOK	0.1970	0.0000		0
U+04FB	ӻ	Cyrillic	CYRILLIC SMALL LETTER GHE WITH STROKE AND HOOK	0.1526	0.0000		0
U+04FC	Ӽ	Cyrillic	CYRILLIC CAPITAL LETTER HA WITH HOOK	0.1898	0.0000		0
U+04FD	ӽ	Cyrillic	CYRILLIC SMALL LETTER HA WITH HOOK	0.1435	0.0000		0
U+04FE	Ӿ	Cyrillic	CYRILLIC CAPITAL LETTER HA WITH STROKE	0.1988	0.0000		0
U+04FF	ӿ	Cyrillic	CYRILLIC SMALL LETTER HA WITH STROKE	0.1441	0.0000		0
U+0510	Ԑ	Other	CYRILLIC CAPITAL LETTER REVERSED ZE	0.1779	0.0000		0
U+0511	ԑ	Other	CYRILLIC SMALL LETTER REVERSED ZE	0.1375	0.0000		0
U+0512	Ԓ	Other	CYRILLIC CAPITAL LETTER EL WITH HOOK	0.2106	0.0000		0
U+0513	ԓ	Other	CYRILLIC SMALL LETTER EL WITH HOOK	0.1608	0.0000		0
U+051C	Ԝ	Other	CYRILLIC CAPITAL LETTER WE	0.2123	0.0008		0
U+051D	ԝ	Other	CYRILLIC SMALL LETTER WE	0.1685	0.0000	U+0077	0
U+0524	Ԥ	Other	CYRILLIC CAPITAL LETTER PE WITH DESCENDER	0.2122	0.0000		0
U+0525	ԥ	Other	CYRILLIC SMALL LETTER PE WITH DESCENDER	0.1602	0.0000		0
U+0526	Ԧ	Other	CYRILLIC CAPITAL LETTER SHHA WITH DESCENDER	0.1724	0.0000		0
U+0527	ԧ	Other	CYRILLIC SMALL LETTER SHHA WITH DESCENDER	0.1763	0.0000		0
U+052E	Ԯ	Other	CYRILLIC CAPITAL LETTER EL WITH DESCENDER	0.2040	0.0000		0
U+052F	ԯ	Other	CYRILLIC SMALL LETTER EL WITH DESCENDER	0.1564	0.0000		0
U+0E3F	฿	Other	THAI CURRENCY SYMBOL BAHT	0.2647	0.0000		0
U+1E00	Ḁ	Latin Ext Additional	LATIN CAPITAL LETTER A WITH RING BELOW	0.2059	0.0020		0
U+1E01	ḁ	Latin Ext Additional	LATIN SMALL LETTER A WITH RING BELOW	0.1872	0.0022		0
U+1E02	Ḃ	Latin Ext Additional	LATIN CAPITAL LETTER B WITH DOT ABOVE	0.2378	0.0000		0
U+1E03	ḃ	Latin Ext Additional	LATIN SMALL LETTER B WITH DOT ABOVE	0.1992	0.0000		0
U+1E04	Ḅ	Latin Ext Additional	LATIN CAPITAL LETTER B WITH DOT BELOW	0.2378	0.0000		0
U+1E05	ḅ	Latin Ext Additional	LATIN SMALL LETTER B WITH DOT BELOW	0.1992	0.0000		0
U+1E06	Ḇ	Latin Ext Additional	LATIN CAPITAL LETTER B WITH LINE BELOW	0.2510	0.0000		0
U+1E07	ḇ	Latin Ext Additional	LATIN SMALL LETTER B WITH LINE BELOW	0.2125	0.0000		0
U+1E08	Ḉ	Latin Ext Additional	LATIN CAPITAL LETTER C WITH CEDILLA AND ACUTE	0.2188	0.0000		0
U+1E09	ḉ	Latin Ext Additional	LATIN SMALL LETTER C WITH CEDILLA AND ACUTE	0.1721	0.0000		0
U+1E0A	Ḋ	Latin Ext Additional	LATIN CAPITAL LETTER D WITH DOT ABOVE	0.2226	0.0000		0
U+1E0B	ḋ	Latin Ext Additional	LATIN SMALL LETTER D WITH DOT ABOVE	0.1994	0.0000		0
U+1E0C	Ḍ	Latin Ext Additional	LATIN CAPITAL LETTER D WITH DOT BELOW	0.2226	0.0000		0
U+1E0D	ḍ	Latin Ext Additional	LATIN SMALL LETTER D WITH DOT BELOW	0.1994	0.0000		0
U+1E0E	Ḏ	Latin Ext Additional	LATIN CAPITAL LETTER D WITH LINE BELOW	0.2358	0.0000		0
U+1E0F	ḏ	Latin Ext Additional	LATIN SMALL LETTER D WITH LINE BELOW	0.2127	0.0000		0
U+1E10	Ḑ	Latin Ext Additional	LATIN CAPITAL LETTER D WITH CEDILLA	0.2258	0.0000		0
U+1E11	ḑ	Latin Ext Additional	LATIN SMALL LETTER D WITH CEDILLA	0.2028	0.0000		0
U+1E12	Ḓ	Latin Ext Additional	LATIN CAPITAL LETTER D WITH CIRCUMFLEX BELOW	0.2444	0.0000		0
U+1E13	ḓ	Latin Ext Additional	LATIN SMALL LETTER D WITH CIRCUMFLEX BELOW	0.2212	0.0000		0
U+1E14	Ḕ	Latin Ext Additional	LATIN CAPITAL LETTER E WITH MACRON AND GRAVE	0.2100	0.0309		0
U+1E15	ḕ	Latin Ext Additional	LATIN SMALL LETTER E WITH MACRON AND GRAVE	0.1945	0.0000		0
U+1E16	Ḗ	Latin Ext Additional	LATIN CAPITAL LETTER E WITH MACRON AND ACUTE	0.2101	0.0307		0
U+1E17	ḗ	Latin Ext Additional	LATIN SMALL LETTER E WITH MACRON AND ACUTE	0.1946	0.0000		0
U+1E18	Ḙ	Latin Ext Additional	LATIN CAPITAL LETTER E WITH CIRCUMFLEX BELOW	0.2158	0.0000		0
U+1E19	ḙ	Latin Ext Additional	LATIN SMALL LETTER E WITH CIRCUMFLEX BELOW	0.1872	0.0000		0
U+1E1A	Ḛ	Latin Ext Additional	LATIN CAPITAL LETTER E WITH TILDE BELOW	0.2186	0.0000		0
U+1E1B	ḛ	Latin Ext Additional	LATIN SMALL LETTER E WITH TILDE BELOW	0.1900	0.0000		0
U+1E1C	Ḝ	Latin Ext Additional	LATIN CAPITAL LETTER E WITH CEDILLA AND BREVE	0.2427	0.0000		0
U+1E1D	ḝ	Latin Ext Additional	LATIN SMALL LETTER E WITH CEDILLA AND BREVE	0.2188	0.0000		0
U+1E1E	Ḟ	Latin Ext Additional	LATIN CAPITAL LETTER F WITH DOT ABOVE	0.1591	0.0000		0
U+1E1F	ḟ	Latin Ext Additional	LATIN SMALL LETTER F WITH DOT ABOVE	0.1456	0.0000		0
U+1E20	Ḡ	Latin Ext Additional	LATIN CAPITAL LETTER G WITH MACRON	0.2306	0.0000		0
U+1E21	ḡ	Latin Ext Additional	LATIN SMALL LETTER G WITH MACRON	0.2382	0.0000		0
U+1E22	Ḣ	Latin Ext Additional	LATIN CAPITAL LETTER H WITH DOT ABOVE	0.2038	0.0000		0
U+1E23	ḣ	Latin Ext Additional	LATIN SMALL LETTER H WITH DOT ABOVE	0.1738	0.0000		0
U+1E24	Ḥ	Latin Ext Additional	LATIN CAPITAL LETTER H WITH DOT BELOW	0.2037	0.0000		0
U+1E25	ḥ	Latin Ext Additional	LATIN SMALL LETTER H WITH DOT BELOW	0.1738	0.0000		0
U+1E26	Ḧ	Latin Ext Additional	LATIN CAPITAL LETTER H WITH DIAERESIS	0.2145	0.0000		0
U+1E27	ḧ	Latin Ext Additional	LATIN SMALL LETTER H WITH DIAERESIS	0.1831	0.0076		0
U+1E28	Ḩ	Latin Ext Additional	LATIN CAPITAL LETTER H WITH CEDILLA	0.2197	0.0000		0
U+1E29	ḩ	Latin Ext Additional	LATIN SMALL LETTER H WITH CEDILLA	0.1882	0.0000		0
U+1E2A	Ḫ	Latin Ext Additional	LATIN CAPITAL LETTER H WITH BREVE BELOW	0.2259	0.0000		0
U+1E2B	ḫ	Latin Ext Additional	LATIN SMALL LETTER H WITH BREVE BELOW	0.1959	0.0000		0
U+1E2C	Ḭ	Latin Ext Additional	LATIN CAPITAL LETTER I WITH TILDE BELOW	0.1759	0.0000		0
U+1E2D	ḭ	Latin Ext Additional	LATIN SMALL LETTER I WITH TILDE BELOW	0.1639	0.0000		0
U+1E2E	Ḯ	Latin Ext Additional	LATIN CAPITAL LETTER I WITH DIAERESIS AND ACUTE	0.1627	0.0394		0
U+1E2F	ḯ	Latin Ext Additional	LATIN SMALL LETTER I WITH DIAERESIS AND ACUTE	0.1484	0.0000		0
U+1E30	Ḱ	Latin Ext Additional	LATIN CAPITAL LETTER K WITH ACUTE	0.1984	0.0000		0
U+1E31	ḱ	Latin Ext Additional	LATIN SMALL LETTER K WITH ACUTE	0.1730	0.0052		0
U+1E32	Ḳ	Latin Ext Additional	LATIN CAPITAL LETTER K WITH DOT BELOW	0.1951	0.0000		0
U+1E33	ḳ	Latin Ext Additional	LATIN SMALL LETTER K WITH DOT BELOW	0.1708	0.0000		0
U+1E34	Ḵ	Latin Ext Additional	LATIN CAPITAL LETTER K WITH LINE BELOW	0.2084	0.0000		0
U+1E35	ḵ	Latin Ext Additional	LATIN SMALL LETTER K WITH LINE BELOW	0.1841	0.0000		0
U+1E36	Ḷ	Latin Ext Additional	LATIN CAPITAL LETTER L WITH DOT BELOW	0.1288	0.0000		0
U+1E37	ḷ	Latin Ext Additional	LATIN SMALL LETTER L WITH DOT BELOW	0.1437	0.0000		0
U+1E38	Ḹ	Latin Ext Additional	LATIN CAPITAL LETTER L WITH DOT BELOW AND MACRON	0.1574	0.0000		0
U+1E39	ḹ	Latin Ext Additional	LATIN SMALL LETTER L WITH DOT BELOW AND MACRON	0.1724	0.0000		0
U+1E3A	Ḻ	Latin Ext Additional	LATIN CAPITAL LETTER L WITH LINE BELOW	0.1421	0.0000		0
U+1E3B	ḻ	Latin Ext Additional	LATIN SMALL LETTER L WITH LINE BELOW	0.1571	0.0000		0
U+1E3C	Ḽ	Latin Ext Additional	LATIN CAPITAL LETTER L WITH CIRCUMFLEX BELOW	0.1507	0.0000		0
U+1E3D	ḽ	Latin Ext Additional	LATIN SMALL LETTER L WITH CIRCUMFLEX BELOW	0.1656	0.0000		0
U+1E3E	Ḿ	Latin Ext Additional	LATIN CAPITAL LETTER M WITH ACUTE	0.2419	0.0000		0
U+1E3F	ḿ	Latin Ext Additional	LATIN SMALL LETTER M WITH ACUTE	0.1986	0.0000		0
U+1E40	Ṁ	Latin Ext Additional	LATIN CAPITAL LETTER M WITH DOT ABOVE	0.2387	0.0000		0
U+1E41	ṁ	Latin Ext Additional	LATIN SMALL LETTER M WITH DOT ABOVE	0.1935	0.0000		0
U+1E42	Ṃ	Latin Ext Additional	LATIN CAPITAL LETTER M WITH DOT BELOW	0.2387	0.0000		0
U+1E43	ṃ	Latin Ext Additional	LATIN SMALL LETTER M WITH DOT BELOW	0.1935	0.0000		0
U+1E44	Ṅ	Latin Ext Additional	LATIN CAPITAL LETTER N WITH DOT ABOVE	0.2204	0.0000		0
U+1E45	ṅ	Latin Ext Additional	LATIN SMALL LETTER N WITH DOT ABOVE	0.1520	0.0000		0
U+1E46	Ṇ	Latin Ext Additional	LATIN CAPITAL LETTER N WITH DOT BELOW	0.2203	0.0000		0
U+1E47	ṇ	Latin Ext Additional	LATIN SMALL LETTER N WITH DOT BELOW	0.1520	0.0000		0
U+1E48	Ṉ	Latin Ext Additional	LATIN CAPITAL LETTER N WITH LINE BELOW	0.2337	0.0000		0
U+1E49	ṉ	Latin Ext Additional	LATIN SMALL LETTER N WITH LINE BELOW	0.1653	0.0000		0
U+1E4A	Ṋ	Latin Ext Additional	LATIN CAPITAL LETTER N WITH CIRCUMFLEX BELOW	0.2422	0.0000		0
U+1E4B	ṋ	Latin Ext Additional	LATIN SMALL LETTER N WITH CIRCUMFLEX BELOW	0.1738	0.0000		0
U+1E4C	Ṍ	Latin Ext Additional	LATIN CAPITAL LETTER O WITH TILDE AND ACUTE	0.2378	0.0308		0
U+1E4D	ṍ	Latin Ext Additional	LATIN SMALL LETTER O WITH TILDE AND ACUTE	0.1954	0.0000		0
U+1E4E	Ṏ	Latin Ext Additional	LATIN CAPITAL LETTER O WITH TILDE AND DIAERESIS	0.2413	0.0477		0
U+1E4F	ṏ	Latin Ext Additional	LATIN SMALL LETTER O WITH TILDE AND DIAERESIS	0.2072	0.0000		0
U+1E50	Ṑ	Latin Ext Additional	LATIN CAPITAL LETTER O WITH MACRON AND GRAVE	0.2336	0.0279		0
U+1E51	ṑ	Latin Ext Additional	LATIN SMALL LETTER O WITH MACRON AND GRAVE	0.1869	0.0000		0
U+1E52	Ṓ	Latin Ext Additional	LATIN CAPITAL LETTER O WITH MACRON AND ACUTE	0.2337	0.0275		0
U+1E53	ṓ	Latin Ext Additional	LATIN SMALL LETTER O WITH MACRON AND ACUTE	0.1869	0.0000		0
U+1E54	Ṕ	Latin Ext Additional	LATIN CAPITAL LETTER P WITH ACUTE	0.1910	0.0000		0
U+1E55	ṕ	Latin Ext Additional	LATIN SMALL LETTER P WITH ACUTE	0.2012	0.0000		0
U+1E56	Ṗ	Latin Ext Additional	LATIN CAPITAL LETTER P WITH DOT ABOVE	0.1878	0.0000		0
U+1E57	ṗ	Latin Ext Additional	LATIN SMALL LETTER P WITH DOT ABOVE	0.1961	0.0000		0
U+1E58	Ṙ	Latin Ext Additional	LATIN CAPITAL LETTER R WITH DOT ABOVE	0.2193	0.0000		0
U+1E59	ṙ	Latin Ext Additional	LATIN SMALL LETTER R WITH DOT ABOVE	0.1378	0.0000		0
U+1E5A	Ṛ	Latin Ext Additional	LATIN CAPITAL LETTER R WITH DOT BELOW	0.2194	0.0000		0
U+1E5B	ṛ	Latin Ext Additional	LATIN SMALL LETTER R WITH DOT BELOW	0.1379	0.0000		0
U+1E5C	Ṝ	Latin Ext Additional	LATIN CAPITAL LETTER R WITH DOT BELOW AND MACRON	0.2480	0.0000		0
U+1E5D	ṝ	Latin Ext Additional	LATIN SMALL LETTER R WITH DOT BELOW AND MACRON	0.1665	0.0000		0
U+1E5E	Ṟ	Latin Ext Additional	LATIN CAPITAL LETTER R WITH LINE BELOW	0.2326	0.0000		0
U+1E5F	ṟ	Latin Ext Additional	LATIN SMALL LETTER R WITH LINE BELOW	0.1512	0.0000		0
U+1E60	Ṡ	Latin Ext Additional	LATIN CAPITAL LETTER S WITH DOT ABOVE	0.1982	0.0000		0
U+1E61	ṡ	Latin Ext Additional	LATIN SMALL LETTER S WITH DOT ABOVE	0.1455	0.0000		0
U+1E62	Ṣ	Latin Ext Additional	LATIN CAPITAL LETTER S WITH DOT BELOW	0.1982	0.0000		0
U+1E63	ṣ	Latin Ext Additional	LATIN SMALL LETTER S WITH DOT BELOW	0.1455	0.0000		0
U+1E64	Ṥ	Latin Ext Additional	LATIN CAPITAL LETTER S WITH ACUTE AND DOT ABOVE	0.2168	0.0000		0
U+1E65	ṥ	Latin Ext Additional	LATIN SMALL LETTER S WITH ACUTE AND DOT ABOVE	0.1661	0.0000		0
U+1E66	Ṧ	Latin Ext Additional	LATIN CAPITAL LETTER S WITH CARON AND DOT ABOVE	0.2135	0.0322		0
U+1E67	ṧ	Latin Ext Additional	LATIN SMALL LETTER S WITH CARON AND DOT ABOVE	0.1827	0.0000		0
U+1E68	Ṩ	Latin Ext Additional	LATIN CAPITAL LETTER S WITH DOT BELOW AND DOT ABOVE	0.2136	0.0000		0
U+1E69	ṩ	Latin Ext Additional	LATIN SMALL LETTER S WITH DOT BELOW AND DOT ABOVE	0.1608	0.0000		0
U+1E6A	Ṫ	Latin Ext Additional	LATIN CAPITAL LETTER T WITH DOT ABOVE	0.1385	0.0000		0
U+1E6B	ṫ	Latin Ext Additional	LATIN SMALL LETTER T WITH DOT ABOVE	0.1368	0.0000		0
U+1E6C	Ṭ	Latin Ext Additional	LATIN CAPITAL LETTER T WITH DOT BELOW	0.1385	0.0000		0
U+1E6D	ṭ	Latin Ext Additional	LATIN SMALL LETTER T WITH DOT BELOW	0.1368	0.0000		0
U+1E6E	Ṯ	Latin Ext Additional	LATIN CAPITAL LETTER T WITH LINE BELOW	0.1519	0.0000		0
U+1E6F	ṯ	Latin Ext Additional	LATIN SMALL LETTER T WITH LINE BELOW	0.1501	0.0000		0
U+1E70	Ṱ	Latin Ext Additional	LATIN CAPITAL LETTER T WITH CIRCUMFLEX BELOW	0.1604	0.0000		0
U+1E71	ṱ	Latin Ext Additional	LATIN SMALL LETTER T WITH CIRCUMFLEX BELOW	0.1586	0.0000		0
U+1E72	Ṳ	Latin Ext Additional	LATIN CAPITAL LETTER U WITH DIAERESIS BELOW	0.2041	0.0000		0
U+1E73	ṳ	Latin Ext Additional	LATIN SMALL LETTER U WITH DIAERESIS BELOW	0.1630	0.0000		0
U+1E74	Ṵ	Latin Ext Additional	LATIN CAPITAL LETTER U WITH TILDE BELOW	0.2179	0.0000		0
U+1E75	ṵ	Latin Ext Additional	LATIN SMALL LETTER U WITH TILDE BELOW	0.1767	0.0000		0
U+1E76	Ṷ	Latin Ext Additional	LATIN CAPITAL LETTER U WITH CIRCUMFLEX BELOW	0.2153	0.0000		0
U+1E77	ṷ	Latin Ext Additional	LATIN SMALL LETTER U WITH CIRCUMFLEX BELOW	0.1740	0.0000		0
U+1E78	Ṹ	Latin Ext Additional	LATIN CAPITAL LETTER U WITH TILDE AND ACUTE	0.2137	0.0341		0
U+1E79	ṹ	Latin Ext Additional	LATIN SMALL LETTER U WITH TILDE AND ACUTE	0.1898	0.0000		0
U+1E7A	Ṻ	Latin Ext Additional	LATIN CAPITAL LETTER U WITH MACRON AND DIAERESIS	0.2108	0.0579		0
U+1E7B	ṻ	Latin Ext Additional	LATIN SMALL LETTER U WITH MACRON AND DIAERESIS	0.1914	0.0000		0
U+1E7C	Ṽ	Latin Ext Additional	LATIN CAPITAL LETTER V WITH TILDE	0.1826	0.0000		0
U+1E7D	ṽ	Latin Ext Additional	LATIN SMALL LETTER V WITH TILDE	0.1483	0.0000		0
U+1E7E	Ṿ	Latin Ext Additional	LATIN CAPITAL LETTER V WITH DOT BELOW	0.1632	0.0000		0
U+1E7F	ṿ	Latin Ext Additional	LATIN SMALL LETTER V WITH DOT BELOW	0.1238	0.0000		0
U+1E80	Ẁ	Latin Ext Additional	LATIN CAPITAL LETTER W WITH GRAVE	0.2309	0.0000		0
U+1E81	ẁ	Latin Ext Additional	LATIN SMALL LETTER W WITH GRAVE	0.1890	0.0000		0
U+1E82	Ẃ	Latin Ext Additional	LATIN CAPITAL LETTER W WITH ACUTE	0.2310	0.0000		0
U+1E83	ẃ	Latin Ext Additional	LATIN SMALL LETTER W WITH ACUTE	0.1889	0.0000		0
U+1E84	Ẅ	Latin Ext Additional	LATIN CAPITAL LETTER W WITH DIAERESIS	0.2388	0.0000		0
U+1E85	ẅ	Latin Ext Additional	LATIN SMALL LETTER W WITH DIAERESIS	0.1947	0.0000		0
U+1E86	Ẇ	Latin Ext Additional	LATIN CAPITAL LETTER W WITH DOT ABOVE	0.2278	0.0000		0
U+1E87	ẇ	Latin Ext Additional	LATIN SMALL LETTER W WITH DOT ABOVE	0.1839	0.0000		0
U+1E88	Ẉ	Latin Ext Additional	LATIN CAPITAL LETTER W WITH DOT BELOW	0.2278	0.0000		0
U+1E89	ẉ	Latin Ext Additional	LATIN SMALL LETTER W WITH DOT BELOW	0.1838	0.0000		0
U+1E8A	Ẋ	Latin Ext Additional	LATIN CAPITAL LETTER X WITH DOT ABOVE	0.1790	0.0000		0
U+1E8B	ẋ	Latin Ext Additional	LATIN SMALL LETTER X WITH DOT ABOVE	0.1351	0.0000		0
U+1E8C	Ẍ	Latin Ext Additional	LATIN CAPITAL LETTER X WITH DIAERESIS	0.1897	0.0000		0
U+1E8D	ẍ	Latin Ext Additional	LATIN SMALL LETTER X WITH DIAERESIS	0.1458	0.0000		0
U+1E8E	Ẏ	Latin Ext Additional	LATIN CAPITAL LETTER Y WITH DOT ABOVE	0.1437	0.0000		0
U+1E8F	ẏ	Latin Ext Additional	LATIN SMALL LETTER Y WITH DOT ABOVE	0.1532	0.0000		0
U+1E90	Ẑ	Latin Ext Additional	LATIN CAPITAL LETTER Z WITH CIRCUMFLEX	0.1969	0.0000		0
U+1E91	ẑ	Latin Ext Additional	LATIN SMALL LETTER Z WITH CIRCUMFLEX	0.1580	0.0000		0
U+1E92	Ẓ	Latin Ext Additional	LATIN CAPITAL LETTER Z WITH DOT BELOW	0.1814	0.0000		0
U+1E93	ẓ	Latin Ext Additional	LATIN SMALL LETTER Z WITH DOT BELOW	0.1361	0.0000		0
U+1E94	Ẕ	Latin Ext Additional	LATIN CAPITAL LETTER Z WITH LINE BELOW	0.1948	0.0000		0
U+1E95	ẕ	Latin Ext Additional	LATIN SMALL LETTER Z WITH LINE BELOW	0.1494	0.0000		0
U+1E96	ẖ	Latin Ext Additional	LATIN SMALL LETTER H WITH LINE BELOW	0.1872	0.0000		0
U+1E97	ẗ	Latin Ext Additional	LATIN SMALL LETTER T WITH DIAERESIS	0.1472	0.0000		0
U+1E98	ẘ	Latin Ext Additional	LATIN SMALL LETTER W WITH RING ABOVE	0.2052	0.0000		0
U+1E99	ẙ	Latin Ext Additional	LATIN SMALL LETTER Y WITH RING ABOVE	0.1745	0.0000		0
U+1E9E	ẞ	Latin Ext Additional	LATIN CAPITAL LETTER SHARP S	0.2196	0.0000		0
U+1EA0	Ạ	Latin Ext Additional	LATIN CAPITAL LETTER A WITH DOT BELOW	0.1850	0.0000		0
U+1EA1	ạ	Latin Ext Additional	LATIN SMALL LETTER A WITH DOT BELOW	0.1660	0.0000		0
U+1EA2	Ả	Latin Ext Additional	LATIN CAPITAL LETTER A WITH HOOK ABOVE	0.1906	0.0000		0
U+1EA3	ả	Latin Ext Additional	LATIN SMALL LETTER A WITH HOOK ABOVE	0.1729	0.0000		0
U+1EA4	Ấ	Latin Ext Additional	LATIN CAPITAL LETTER A WITH CIRCUMFLEX AND ACUTE	0.2020	0.0316		0
U+1EA5	ấ	Latin Ext Additional	LATIN SMALL LETTER A WITH CIRCUMFLEX AND ACUTE	0.2048	0.0000		0
U+1EA6	Ầ	Latin Ext Additional	LATIN CAPITAL LETTER A WITH CIRCUMFLEX AND GRAVE	0.2019	0.0315		0
U+1EA7	ầ	Latin Ext Additional	LATIN SMALL LETTER A WITH CIRCUMFLEX AND GRAVE	0.2048	0.0000		0
U+1EA8	Ẩ	Latin Ext Additional	LATIN CAPITAL LETTER A WITH CIRCUMFLEX AND HOOK ABOVE	0.2025	0.0467		0
U+1EA9	ẩ	Latin Ext Additional	LATIN SMALL LETTER A WITH CIRCUMFLEX AND HOOK ABOVE	0.2086	0.0071		0
U+1EAA	Ẫ	Latin Ext Additional	LATIN CAPITAL LETTER A WITH CIRCUMFLEX AND TILDE	0.2071	0.0859		0
U+1EAB	ẫ	Latin Ext Additional	LATIN SMALL LETTER A WITH CIRCUMFLEX AND TILDE	0.2241	0.0120		0
U+1EAC	Ậ	Latin Ext Additional	LATIN CAPITAL LETTER A WITH CIRCUMFLEX AND DOT BELOW	0.2157	0.0000		0
U+1EAD	ậ	Latin Ext Additional	LATIN SMALL LETTER A WITH CIRCUMFLEX AND DOT BELOW	0.2033	0.0000		0
U+1EAE	Ắ	Latin Ext Additional	LATIN CAPITAL LETTER A WITH BREVE AND ACUTE	0.2061	0.0293		0
U+1EAF	ắ	Latin Ext Additional	LATIN SMALL LETTER A WITH BREVE AND ACUTE	0.2046	0.0002		0
U+1EB0	Ằ	Latin Ext Additional	LATIN CAPITAL LETTER A WITH BREVE AND GRAVE	0.2061	0.0291		0
U+1EB1	ằ	Latin Ext Additional	LATIN SMALL LETTER A WITH BREVE AND GRAVE	0.2046	0.0002		0
U+1EB2	Ẳ	Latin Ext Additional	LATIN CAPITAL LETTER A WITH BREVE AND HOOK ABOVE	0.2066	0.0457		0
U+1EB3	ẳ	Latin Ext Additional	LATIN SMALL LETTER A WITH BREVE AND HOOK ABOVE	0.2089	0.0072		0
U+1EB4	Ẵ	Latin Ext Additional	LATIN CAPITAL LETTER A WITH BREVE AND TILDE	0.2082	0.0758		0
U+1EB5	ẵ	Latin Ext Additional	LATIN SMALL LETTER A WITH BREVE AND TILDE	0.2273	0.0041		0
U+1EB6	Ặ	Latin Ext Additional	LATIN CAPITAL LETTER A WITH BREVE AND DOT BELOW	0.2178	0.0000		0
U+1EB7	ặ	Latin Ext Additional	LATIN SMALL LETTER A WITH BREVE AND DOT BELOW	0.2038	0.0000		0
U+1EB8	Ẹ	Latin Ext Additional	LATIN CAPITAL LETTER E WITH DOT BELOW	0.1939	0.0000		0
U+1EB9	ẹ	Latin Ext Additional	LATIN SMALL LETTER E WITH DOT BELOW	0.1654	0.0000		0
U+1EBA	Ẻ	Latin Ext Additional	LATIN CAPITAL LETTER E WITH HOOK ABOVE	0.1995	0.0000		0
U+1EBB	ẻ	Latin Ext Additional	LATIN SMALL LETTER E WITH HOOK ABOVE	0.1722	0.0000		0
U+1EBC	Ẽ	Latin Ext Additional	LATIN CAPITAL LETTER E WITH TILDE	0.2133	0.0000		0
U+1EBD	ẽ	Latin Ext Additional	LATIN SMALL LETTER E WITH TILDE	0.1899	0.0000		0
U+1EBE	Ế	Latin Ext Additional	LATIN CAPITAL LETTER E WITH CIRCUMFLEX AND ACUTE	0.2108	0.0303		0
U+1EBF	ế	Latin Ext Additional	LATIN SMALL LETTER E WITH CIRCUMFLEX AND ACUTE	0.2042	0.0000		0
U+1EC0	Ề	Latin Ext Additional	LATIN CAPITAL LETTER E WITH CIRCUMFLEX AND GRAVE	0.2108	0.0302		0
U+1EC1	ề	Latin Ext Additional	LATIN SMALL LETTER E WITH CIRCUMFLEX AND GRAVE	0.2042	0.0000		0
U+1EC2	Ể	Latin Ext Additional	LATIN CAPITAL LETTER E WITH CIRCUMFLEX AND HOOK ABOVE	0.2114	0.0449		0
U+1EC3	ể	Latin Ext Additional	LATIN SMALL LETTER E WITH CIRCUMFLEX AND HOOK ABOVE	0.2080	0.0071		0
U+1EC4	Ễ	Latin Ext Additional	LATIN CAPITAL LETTER E WITH CIRCUMFLEX AND TILDE	0.2160	0.0827		0
U+1EC5	ễ	Latin Ext Additional	LATIN SMALL LETTER E WITH CIRCUMFLEX AND TILDE	0.2235	0.0120		0
U+1EC6	Ệ	Latin Ext Additional	LATIN CAPITAL LETTER E WITH CIRCUMFLEX AND DOT BELOW	0.2248	0.0000		0
U+1EC7	ệ	Latin Ext Additional	LATIN SMALL LETTER E WITH CIRCUMFLEX AND DOT BELOW	0.2027	0.0000		0
U+1EC8	Ỉ	Latin Ext Additional	LATIN CAPITAL LETTER I WITH HOOK ABOVE	0.1569	0.0000		0
U+1EC9	ỉ	Latin Ext Additional	LATIN SMALL LETTER I WITH HOOK ABOVE	0.1272	0.0000		0
U+1ECA	Ị	Latin Ext Additional	LATIN CAPITAL LETTER I WITH DOT BELOW	0.1513	0.0000		0
U+1ECB	ị	Latin Ext Additional	LATIN SMALL LETTER I WITH DOT BELOW	0.1393	0.0000		0
U+1ECC	Ọ	Latin Ext Additional	LATIN CAPITAL LETTER O WITH DOT BELOW	0.2175	0.0000		0
U+1ECD	ọ	Latin Ext Additional	LATIN SMALL LETTER O WITH DOT BELOW	0.1578	0.0000		0
U+1ECE	Ỏ	Latin Ext Additional	LATIN CAPITAL LETTER O WITH HOOK ABOVE	0.2231	0.0000		0
U+1ECF	ỏ	Latin Ext Additional	LATIN SMALL LETTER O WITH HOOK ABOVE	0.1647	0.0000		0
U+1ED0	Ố	Latin Ext Additional	LATIN CAPITAL LETTER O WITH CIRCUMFLEX AND ACUTE	0.2344	0.0273		0
U+1ED1	ố	Latin Ext Additional	LATIN SMALL LETTER O WITH CIRCUMFLEX AND ACUTE	0.1967	0.0000		0
U+1ED2	Ồ	Latin Ext Additional	LATIN CAPITAL LETTER O WITH CIRCUMFLEX AND GRAVE	0.2344	0.0272		0
U+1ED3	ồ	Latin Ext Additional	LATIN SMALL LETTER O WITH CIRCUMFLEX AND GRAVE	0.1967	0.0000		0
U+1ED4	Ổ	Latin Ext Additional	LATIN CAPITAL LETTER O WITH CIRCUMFLEX AND HOOK ABOVE	0.2349	0.0405		0
U+1ED5	ổ	Latin Ext Additional	LATIN SMALL LETTER O WITH CIRCUMFLEX AND HOOK ABOVE	0.2004	0.0074		0
U+1ED6	Ỗ	Latin Ext Additional	LATIN CAPITAL LETTER O WITH CIRCUMFLEX AND TILDE	0.2396	0.0751		0
U+1ED7	ỗ	Latin Ext Additional	LATIN SMALL LETTER O WITH CIRCUMFLEX AND TILDE	0.2159	0.0124		0
U+1ED8	Ộ	Latin Ext Additional	LATIN CAPITAL LETTER O WITH CIRCUMFLEX AND DOT BELOW	0.2482	0.0000		0
U+1ED9	ộ	Latin Ext Additional	LATIN SMALL LETTER O WITH CIRCUMFLEX AND DOT BELOW	0.1950	0.0000		0
U+1EDA	Ớ	Latin Ext Additional	LATIN CAPITAL LETTER O WITH HORN AND ACUTE	0.2424	0.0005		0
U+1EDB	ớ	Latin Ext Additional	LATIN SMALL LETTER O WITH HORN AND ACUTE	0.1831	0.0000		0
U+1EDC	Ờ	Latin Ext Additional	LATIN CAPITAL LETTER O WITH HORN AND GRAVE	0.2424	0.0005		0
U+1EDD	ờ	Latin Ext Additional	LATIN SMALL LETTER O WITH HORN AND GRAVE	0.1831	0.0000		0
U+1EDE	Ở	Latin Ext Additional	LATIN CAPITAL LETTER O WITH HORN AND HOOK ABOVE	0.2448	0.0005		0
U+1EDF	ở	Latin Ext Additional	LATIN SMALL LETTER O WITH HORN AND HOOK ABOVE	0.1848	0.0000		0
U+1EE0	Ỡ	Latin Ext Additional	LATIN CAPITAL LETTER O WITH HORN AND TILDE	0.2586	0.0005		0
U+1EE1	ỡ	Latin Ext Additional	LATIN SMALL LETTER O WITH HORN AND TILDE	0.1959	0.0000		0
U+1EE2	Ợ	Latin Ext Additional	LATIN CAPITAL LETTER O WITH HORN AND DOT BELOW	0.2392	0.0005		0
U+1EE3	ợ	Latin Ext Additional	LATIN SMALL LETTER O WITH HORN AND DOT BELOW	0.1779	0.0000		0
U+1EE4	Ụ	Latin Ext Additional	LATIN CAPITAL LETTER U WITH DOT BELOW	0.1934	0.0000		0
U+1EE5	ụ	Latin Ext Additional	LATIN SMALL LETTER U WITH DOT BELOW	0.1521	0.0000		0
U+1EE6	Ủ	Latin Ext Additional	LATIN CAPITAL LETTER U WITH HOOK ABOVE	0.1992	0.0000		0
U+1EE7	ủ	Latin Ext Additional	LATIN SMALL LETTER U WITH HOOK ABOVE	0.1590	0.0000		0
U+1EE8	Ứ	Latin Ext Additional	LATIN CAPITAL LETTER U WITH HORN AND ACUTE	0.2047	0.0541		0
U+1EE9	ứ	Latin Ext Additional	LATIN SMALL LETTER U WITH HORN AND ACUTE	0.1728	0.0136		0
U+1EEA	Ừ	Latin Ext Additional	LATIN CAPITAL LETTER U WITH HORN AND GRAVE	0.2046	0.0541		0
U+1EEB	ừ	Latin Ext Additional	LATIN SMALL LETTER U WITH HORN AND GRAVE	0.1728	0.0136		0
U+1EEC	Ử	Latin Ext Additional	LATIN CAPITAL LETTER U WITH HORN AND HOOK ABOVE	0.2071	0.0535		0
U+1EED	ử	Latin Ext Additional	LATIN SMALL LETTER U WITH HORN AND HOOK ABOVE	0.1745	0.0135		0
U+1EEE	Ữ	Latin Ext Additional	LATIN CAPITAL LETTER U WITH HORN AND TILDE	0.2209	0.0503		0
U+1EEF	ữ	Latin Ext Additional	LATIN SMALL LETTER U WITH HORN AND TILDE	0.1920	0.0123		0
U+1EF0	Ự	Latin Ext Additional	LATIN CAPITAL LETTER U WITH HORN AND DOT BELOW	0.2015	0.0549		0
U+1EF1	ự	Latin Ext Additional	LATIN SMALL LETTER U WITH HORN AND DOT BELOW	0.1676	0.0140		0
U+1EF2	Ỳ	Latin Ext Additional	LATIN CAPITAL LETTER Y WITH GRAVE	0.1468	0.0000		0
U+1EF3	ỳ	Latin Ext Additional	LATIN SMALL LETTER Y WITH GRAVE	0.1583	0.0000		0
U+1EF4	Ỵ	Latin Ext Additional	LATIN CAPITAL LETTER Y WITH DOT BELOW	0.1437	0.0000		0
U+1EF5	ỵ	Latin Ext Additional	LATIN SMALL LETTER Y WITH DOT BELOW	0.1532	0.0000		0
U+1EF6	Ỷ	Latin Ext Additional	LATIN CAPITAL LETTER Y WITH HOOK ABOVE	0.1493	0.0000		0
U+1EF7	ỷ	Latin Ext Additional	LATIN SMALL LETTER Y WITH HOOK ABOVE	0.1600	0.0000		0
U+1EF8	Ỹ	Latin Ext Additional	LATIN CAPITAL LETTER Y WITH TILDE	0.1631	0.0000		0
U+1EF9	ỹ	Latin Ext Additional	LATIN SMALL LETTER Y WITH TILDE	0.1776	0.0000		0
U+2011	‑	General Punctuation	NON-BREAKING HYPHEN	0.0521	0.0000	U+002D	0
U+2012	‒	General Punctuation	FIGURE DASH	0.0623	0.0000		1
U+2013	–	General Punctuation	EN DASH	0.0623	0.0000	U+2012	0
U+2014	—	General Punctuation	EM DASH	0.0623	0.0000	U+2012	0
U+2018	‘	General Punctuation	LEFT SINGLE QUOTATION MARK	0.0393	0.0000		1
U+2019	’	General Punctuation	RIGHT SINGLE QUOTATION MARK	0.0393	0.0000	U+02BC	0
U+201A	‚	General Punctuation	SINGLE LOW-9 QUOTATION MARK	0.0392	0.0000		1
U+201C	“	General Punctuation	LEFT DOUBLE QUOTATION MARK	0.0725	0.0000		1
U+201D	”	General Punctuation	RIGHT DOUBLE QUOTATION MARK	0.0722	0.0000		1
U+201E	„	General Punctuation	DOUBLE LOW-9 QUOTATION MARK	0.0726	0.0000		1
U+2020	†	General Punctuation	DAGGER	0.1061	0.0000		1
U+2021	‡	General Punctuation	DOUBLE DAGGER	0.1442	0.0000		1
U+2022	•	General Punctuation	BULLET	0.1705	0.0000		1
U+2023	‣	General Punctuation	TRIANGULAR BULLET	0.1057	0.0000		1
U+2026	…	General Punctuation	HORIZONTAL ELLIPSIS	0.0614	0.0000		1
U+2030	‰	General Punctuation	PER MILLE SIGN	0.2089	0.0000		1
U+2032	′	General Punctuation	PRIME	0.0399	0.0000		1
U+2033	″	General Punctuation	DOUBLE PRIME	0.0727	0.0000		1
U+2034	‴	General Punctuation	TRIPLE PRIME	0.1013	0.0000		1
U+2039	‹	General Punctuation	SINGLE LEFT-POINTING ANGLE QUOTATION MARK	0.0463	0.0000		1
U+203A	›	General Punctuation	SINGLE RIGHT-POINTING ANGLE QUOTATION MARK	0.0463	0.0000		1
U+2043	⁃	General Punctuation	HYPHEN BULLET	0.0254	0.0000		1
U+2044	⁄	General Punctuation	FRACTION SLASH	0.0612	0.0000		1
U+2070	⁰	Super/Subscripts	SUPERSCRIPT ZERO	0.1315	0.0000		1
U+2071	ⁱ	Super/Subscripts	SUPERSCRIPT LATIN SMALL LETTER I	0.0975	0.0000		1
U+2074	⁴	Super/Subscripts	SUPERSCRIPT FOUR	0.0903	0.0000		1
U+2075	⁵	Super/Subscripts	SUPERSCRIPT FIVE	0.1132	0.0000		1
U+2076	⁶	Super/Subscripts	SUPERSCRIPT SIX	0.1052	0.0000		1
U+2077	⁷	Super/Subscripts	SUPERSCRIPT SEVEN	0.0768	0.0000		1
U+2078	⁸	Super/Subscripts	SUPERSCRIPT EIGHT	0.1300	0.0000		1
U+2079	⁹	Super/Subscripts	SUPERSCRIPT NINE	0.1058	0.0000		1
U+207A	⁺	Super/Subscripts	SUPERSCRIPT PLUS SIGN	0.0624	0.0000		1
U+207B	⁻	Super/Subscripts	SUPERSCRIPT MINUS	0.0336	0.0000		1
U+207C	⁼	Super/Subscripts	SUPERSCRIPT EQUALS SIGN	0.0709	0.0000		1
U+207D	⁽	Super/Subscripts	SUPERSCRIPT LEFT PARENTHESIS	0.0662	0.0000		1
U+207E	⁾	Super/Subscripts	SUPERSCRIPT RIGHT PARENTHESIS	0.0661	0.0000		1
U+207F	ⁿ	Super/Subscripts	SUPERSCRIPT LATIN SMALL LETTER N	0.1076	0.0000		1
U+20A1	₡	Currency	COLON SIGN	0.2519	0.0000		0
U+20A2	₢	Currency	CRUZEIRO SIGN	0.1978	0.0000		0
U+20A3	₣	Currency	FRENCH FRANC SIGN	0.1600	0.0000		0
U+20A4	₤	Currency	LIRA SIGN	0.1933	0.0000		0
U+20A5	₥	Currency	MILL SIGN	0.2157	0.0000		0
U+20A6	₦	Currency	NAIRA SIGN	0.2293	0.0000		0
U+20A7	₧	Currency	PESETA SIGN	0.2037	0.0000		0
U+20A8	₨	Currency	RUPEE SIGN	0.2346	0.0000		0
U+20A9	₩	Currency	WON SIGN	0.2241	0.0000		0
U+20AA	₪	Currency	NEW SHEQEL SIGN	0.2474	0.0000		0
U+20AB	₫	Currency	DONG SIGN	0.2044	0.0000		0
U+20AC	€	Currency	EURO SIGN	0.1875	0.0000		0
U+20AD	₭	Currency	KIP SIGN	0.2007	0.0000		0
U+20AE	₮	Currency	TUGRIK SIGN	0.1646	0.0000		0
U+20B1	₱	Currency	PESO SIGN	0.2219	0.0000		0
U+20B2	₲	Currency	GUARANI SIGN	0.2481	0.0000		0
U+20B3	₳	Currency	AUSTRAL SIGN	0.2055	0.0000		0
U+20B4	₴	Currency	HRYVNIA SIGN	0.1977	0.0000		0
U+20B5	₵	Currency	CEDI SIGN	0.2303	0.0000		0
U+20B8	₸	Currency	TENGE SIGN	0.1462	0.0000		0
U+20B9	₹	Currency	INDIAN RUPEE SIGN	0.1631	0.0000		0
U+20BA	₺	Currency	TURKISH LIRA SIGN	0.1609	0.0000		0
U+20BC	₼	Currency	MANAT SIGN	0.2029	0.0000		0
U+20BD	₽	Currency	RUBLE SIGN	0.1993	0.0000		0
U+20BE	₾	Currency	LARI SIGN	0.2118	0.0000		0
U+20BF	₿	Currency	BITCOIN SIGN	0.2422	0.0000		0
U+2116	№	Letterlike	NUMERO SIGN	0.2113	0.0000		1
U+2117	℗	Letterlike	SOUND RECORDING COPYRIGHT	0.1400	0.0000		1
U+2122	™	Letterlike	TRADE MARK SIGN	0.1468	0.0000		1
U+2126	Ω	Letterlike	OHM SIGN	0.2206	0.0000	U+03A9	0
U+2190	←	Arrows	LEFTWARDS ARROW	0.1137	0.0000		1
U+2191	↑	Arrows	UPWARDS ARROW	0.1292	0.0000		1
U+2192	→	Arrows	RIGHTWARDS ARROW	0.1136	0.0000		1
U+2193	↓	Arrows	DOWNWARDS ARROW	0.1292	0.0000		1
U+2194	↔	Arrows	LEFT RIGHT ARROW	0.1354	0.0009		1
U+2195	↕	Arrows	UP DOWN ARROW	0.1462	0.0000		1
U+2196	↖	Arrows	NORTH WEST ARROW	0.1296	0.0000		1
U+2197	↗	Arrows	NORTH EAST ARROW	0.1295	0.0000		1
U+2198	↘	Arrows	SOUTH EAST ARROW	0.1293	0.0000		1
U+2199	↙	Arrows	SOUTH WEST ARROW	0.1294	0.0000		1
U+21E7	⇧	Arrows	UPWARDS WHITE ARROW	0.1466	0.0014		1
U+2202	∂	Math Operators	PARTIAL DIFFERENTIAL	0.1839	0.0000		1
U+2206	∆	Math Operators	INCREMENT	0.1840	0.0000	U+0394	0
U+220F	∏	Math Operators	N-ARY PRODUCT	0.2380	0.0000		1
U+2211	∑	Math Operators	N-ARY SUMMATION	0.1767	0.0000		1
U+2212	−	Math Operators	MINUS SIGN	0.0521	0.0000	U+002D	0
U+2213	∓	Math Operators	MINUS-OR-PLUS SIGN	0.1141	0.0000		1
U+2219	∙	Math Operators	BULLET OPERATOR	0.0227	0.0000		1
U+221A	√	Math Operators	SQUARE ROOT	0.1463	0.0000		1
U+221E	∞	Math Operators	INFINITY	0.1347	0.0000		1
U+222B	∫	Math Operators	INTEGRAL	0.1120	0.0000		1
U+2248	≈	Math Operators	ALMOST EQUAL TO	0.0990	0.0000		1
U+2260	≠	Math Operators	NOT EQUAL TO	0.1262	0.0000		1
U+2264	≤	Math Operators	LESS-THAN OR EQUAL TO	0.1347	0.0000		1
U+2265	≥	Math Operators	GREATER-THAN OR EQUAL TO	0.1349	0.0000		1
U+2303	⌃	Misc Technical	UP ARROWHEAD	0.0752	0.0000		1
U+2318	⌘	Misc Technical	PLACE OF INTEREST SIGN	0.2301	0.0000		1
U+2325	⌥	Misc Technical	OPTION KEY	0.1064	0.0000		1
U+2326	⌦	Misc Technical	ERASE TO THE RIGHT	0.1813	0.0001		1
U+2327	⌧	Misc Technical	X IN A RECTANGLE BOX	0.1888	0.0000		1
U+232B	⌫	Misc Technical	ERASE TO THE LEFT	0.1813	0.0001		1
U+23CE	⏎	Misc Technical	RETURN SYMBOL	0.1398	0.0000		1
U+2423	␣	Control Pictures	OPEN BOX	0.0546	0.0000		0
U+2460	①	Other	CIRCLED DIGIT ONE	0.1504	0.0000		0
U+2461	②	Other	CIRCLED DIGIT TWO	0.1663	0.0000		0
U+2462	③	Other	CIRCLED DIGIT THREE	0.1677	0.0000		0
U+2463	④	Other	CIRCLED DIGIT FOUR	0.1606	0.0000		0
U+2464	⑤	Other	CIRCLED DIGIT FIVE	0.1709	0.0000		0
U+2465	⑥	Other	CIRCLED DIGIT SIX	0.1672	0.0000		0
U+2466	⑦	Other	CIRCLED DIGIT SEVEN	0.1555	0.0000		0
U+2467	⑧	Other	CIRCLED DIGIT EIGHT	0.1772	0.0000		0
U+2468	⑨	Other	CIRCLED DIGIT NINE	0.1672	0.0000		0
U+24EA	⓪	Other	CIRCLED DIGIT ZERO	0.1722	0.0000		0
U+24FF	⓿	Other	NEGATIVE CIRCLED DIGIT ZERO	0.3353	0.0000		0
U+2500	─	Box Drawing	BOX DRAWINGS LIGHT HORIZONTAL	0.0632	0.1957		1
U+2501	━	Box Drawing	BOX DRAWINGS HEAVY HORIZONTAL	0.1127	0.1959		1
U+2502	│	Box Drawing	BOX DRAWINGS LIGHT VERTICAL	0.1207	0.0993		1
U+2503	┃	Box Drawing	BOX DRAWINGS HEAVY VERTICAL	0.2170	0.0993		1
U+2504	┄	Box Drawing	BOX DRAWINGS LIGHT TRIPLE DASH HORIZONTAL	0.0422	0.0000		1
U+2505	┅	Box Drawing	BOX DRAWINGS HEAVY TRIPLE DASH HORIZONTAL	0.0754	0.0000		1
U+2506	┆	Box Drawing	BOX DRAWINGS LIGHT TRIPLE DASH VERTICAL	0.0653	0.0000		1
U+2507	┇	Box Drawing	BOX DRAWINGS HEAVY TRIPLE DASH VERTICAL	0.1175	0.0000		1
U+2508	┈	Box Drawing	BOX DRAWINGS LIGHT QUADRUPLE DASH HORIZONTAL	0.0473	0.0000		1
U+2509	┉	Box Drawing	BOX DRAWINGS HEAVY QUADRUPLE DASH HORIZONTAL	0.0843	0.0000		1
U+250A	┊	Box Drawing	BOX DRAWINGS LIGHT QUADRUPLE DASH VERTICAL	0.0736	0.0000		1
U+250B	┋	Box Drawing	BOX DRAWINGS HEAVY QUADRUPLE DASH VERTICAL	0.1323	0.0000		1
U+250C	┌	Box Drawing	BOX DRAWINGS LIGHT DOWN AND RIGHT	0.0853	0.1973		1
U+250D	┍	Box Drawing	BOX DRAWINGS DOWN LIGHT AND RIGHT HEAVY	0.1101	0.1969		1
U+250E	┎	Box Drawing	BOX DRAWINGS DOWN HEAVY AND RIGHT LIGHT	0.1282	0.1977		1
U+250F	┏	Box Drawing	BOX DRAWINGS HEAVY DOWN AND RIGHT	0.1530	0.1973		1
U+2510	┐	Box Drawing	BOX DRAWINGS LIGHT DOWN AND LEFT	0.0853	0.1977		1
U+2511	┑	Box Drawing	BOX DRAWINGS DOWN LIGHT AND LEFT HEAVY	0.1101	0.1975		1
U+2512	┒	Box Drawing	BOX DRAWINGS DOWN HEAVY AND LEFT LIGHT	0.1281	0.1981		1
U+2513	┓	Box Drawing	BOX DRAWINGS HEAVY DOWN AND LEFT	0.1529	0.1979		1
U+2514	└	Box Drawing	BOX DRAWINGS LIGHT UP AND RIGHT	0.0986	0.0721		1
U+2515	┕	Box Drawing	BOX DRAWINGS UP LIGHT AND RIGHT HEAVY	0.1233	0.0999		1
U+2516	┖	Box Drawing	BOX DRAWINGS UP HEAVY AND RIGHT LIGHT	0.1521	0.0480		1
U+2517	┗	Box Drawing	BOX DRAWINGS HEAVY UP AND RIGHT	0.1769	0.0718		1
U+2518	┘	Box Drawing	BOX DRAWINGS LIGHT UP AND LEFT	0.0986	0.0726		1
U+2519	┙	Box Drawing	BOX DRAWINGS UP LIGHT AND LEFT HEAVY	0.1233	0.1005		1
U+251A	┚	Box Drawing	BOX DRAWINGS UP HEAVY AND LEFT LIGHT	0.1520	0.0483		1
U+251B	┛	Box Drawing	BOX DRAWINGS HEAVY UP AND LEFT	0.1768	0.0723		1
U+251C	├	Box Drawing	BOX DRAWINGS LIGHT VERTICAL AND RIGHT	0.1484	0.1237		1
U+251D	┝	Box Drawing	BOX DRAWINGS VERTICAL LIGHT AND RIGHT HEAVY	0.1702	0.1368		1
U+251E	┞	Box Drawing	BOX DRAWINGS UP HEAVY AND RIGHT DOWN LIGHT	0.2020	0.0940		1
U+251F	┟	Box Drawing	BOX DRAWINGS DOWN HEAVY AND RIGHT UP LIGHT	0.1913	0.1417		1
U+2520	┠	Box Drawing	BOX DRAWINGS VERTICAL HEAVY AND RIGHT LIGHT	0.2418	0.1156		1
U+2521	┡	Box Drawing	BOX DRAWINGS DOWN LIGHT AND RIGHT UP HEAVY	0.2238	0.1076		1
U+2522	┢	Box Drawing	BOX DRAWINGS UP LIGHT AND RIGHT DOWN HEAVY	0.2131	0.1500		1
U+2523	┣	Box Drawing	BOX DRAWINGS HEAVY VERTICAL AND RIGHT	0.2612	0.1259		1
U+2524	┤	Box Drawing	BOX DRAWINGS LIGHT VERTICAL AND LEFT	0.1484	0.1240		1
U+2525	┥	Box Drawing	BOX DRAWINGS VERTICAL LIGHT AND LEFT HEAVY	0.1702	0.1373		1
U+2526	┦	Box Drawing	BOX DRAWINGS UP HEAVY AND LEFT DOWN LIGHT	0.2019	0.0943		1
U+2527	┧	Box Drawing	BOX DRAWINGS DOWN HEAVY AND LEFT UP LIGHT	0.1913	0.1420		1
U+2528	┨	Box Drawing	BOX DRAWINGS VERTICAL HEAVY AND LEFT LIGHT	0.2417	0.1158		1
U+2529	┩	Box Drawing	BOX DRAWINGS DOWN LIGHT AND LEFT UP HEAVY	0.2237	0.1080		1
U+252A	┪	Box Drawing	BOX DRAWINGS UP LIGHT AND LEFT DOWN HEAVY	0.2130	0.1504		1
U+252B	┫	Box Drawing	BOX DRAWINGS HEAVY VERTICAL AND LEFT	0.2611	0.1262		1
U+252C	┬	Box Drawing	BOX DRAWINGS LIGHT DOWN AND HORIZONTAL	0.1130	0.2024		1
U+252D	┭	Box Drawing	BOX DRAWINGS LEFT HEAVY AND RIGHT DOWN LIGHT	0.1378	0.2013		1
U+252E	┮	Box Drawing	BOX DRAWINGS RIGHT HEAVY AND LEFT DOWN LIGHT	0.1378	0.2011		1
U+252F	┯	Box Drawing	BOX DRAWINGS DOWN LIGHT AND HORIZONTAL HEAVY	0.1596	0.2035		1
U+2530	┰	Box Drawing	BOX DRAWINGS DOWN HEAVY AND HORIZONTAL LIGHT	0.1529	0.2046		1
U+2531	┱	Box Drawing	BOX DRAWINGS RIGHT LIGHT AND LEFT DOWN HEAVY	0.1776	0.2035		1
U+2532	┲	Box Drawing	BOX DRAWINGS LEFT LIGHT AND RIGHT DOWN HEAVY	0.1777	0.2033		1
U+2533	┳	Box Drawing	BOX DRAWINGS HEAVY DOWN AND HORIZONTAL	0.1970	0.2069		1
U+2534	┴	Box Drawing	BOX DRAWINGS LIGHT UP AND HORIZONTAL	0.1263	0.1085		1
U+2535	┵	Box Drawing	BOX DRAWINGS LEFT HEAVY AND RIGHT UP LIGHT	0.1511	0.1243		1
U+2536	┶	Box Drawing	BOX DRAWINGS RIGHT HEAVY AND LEFT UP LIGHT	0.1511	0.1240		1
U+2537	┷	Box Drawing	BOX DRAWINGS UP LIGHT AND HORIZONTAL HEAVY	0.1729	0.1371		1
U+2538	┸	Box Drawing	BOX DRAWINGS UP HEAVY AND HORIZONTAL LIGHT	0.1768	0.0800		1
U+2539	┹	Box Drawing	BOX DRAWINGS RIGHT LIGHT AND LEFT UP HEAVY	0.2015	0.0962		1
U+253A	┺	Box Drawing	BOX DRAWINGS LEFT LIGHT AND RIGHT UP HEAVY	0.2016	0.0960		1
U+253B	┻	Box Drawing	BOX DRAWINGS HEAVY UP AND HORIZONTAL	0.2209	0.1106		1
U+253C	┼	Box Drawing	BOX DRAWINGS LIGHT VERTICAL AND HORIZONTAL	0.1762	0.1400		1
U+253D	┽	Box Drawing	BOX DRAWINGS LEFT HEAVY AND RIGHT VERTICAL LIGHT	0.1980	0.1493		1
U+253E	┾	Box Drawing	BOX DRAWINGS RIGHT HEAVY AND LEFT VERTICAL LIGHT	0.1980	0.1491		1
U+253F	┿	Box Drawing	BOX DRAWINGS VERTICAL LIGHT AND HORIZONTAL HEAVY	0.2198	0.1565		1
U+2540	╀	Box Drawing	BOX DRAWINGS UP HEAVY AND DOWN HORIZONTAL LIGHT	0.2266	0.1123		1
U+2541	╁	Box Drawing	BOX DRAWINGS DOWN HEAVY AND UP HORIZONTAL LIGHT	0.2160	0.1539		1
U+2542	╂	Box Drawing	BOX DRAWINGS VERTICAL HEAVY AND HORIZONTAL LIGHT	0.2664	0.1286		1
U+2543	╃	Box Drawing	BOX DRAWINGS LEFT UP HEAVY AND RIGHT DOWN LIGHT	0.2484	0.1227		1
U+2544	╄	Box Drawing	BOX DRAWINGS RIGHT UP HEAVY AND LEFT DOWN LIGHT	0.2484	0.1226		1
U+2545	╅	Box Drawing	BOX DRAWINGS LEFT DOWN HEAVY AND RIGHT UP LIGHT	0.2378	0.1603		1
U+2546	╆	Box Drawing	BOX DRAWINGS RIGHT DOWN HEAVY AND LEFT UP LIGHT	0.2378	0.1601		1
U+2547	╇	Box Drawing	BOX DRAWINGS DOWN LIGHT AND UP HORIZONTAL HEAVY	0.2678	0.1321		1
U+2548	╈	Box Drawing	BOX DRAWINGS UP LIGHT AND DOWN HORIZONTAL HEAVY	0.2572	0.1666		1
U+2549	╉	Box Drawing	BOX DRAWINGS RIGHT LIGHT AND LEFT VERTICAL HEAVY	0.2858	0.1370		1
U+254A	╊	Box Drawing	BOX DRAWINGS LEFT LIGHT AND RIGHT VERTICAL HEAVY	0.2858	0.1369		1
U+254B	╋	Box Drawing	BOX DRAWINGS HEAVY VERTICAL AND HORIZONTAL	0.3052	0.1441		1
U+254C	╌	Box Drawing	BOX DRAWINGS LIGHT DOUBLE DASH HORIZONTAL	0.0317	0.0000		1
U+254D	╍	Box Drawing	BOX DRAWINGS HEAVY DOUBLE DASH HORIZONTAL	0.0565	0.0000		1
U+254E	╎	Box Drawing	BOX DRAWINGS LIGHT DOUBLE DASH VERTICAL	0.0490	0.0000		1
U+254F	╏	Box Drawing	BOX DRAWINGS HEAVY DOUBLE DASH VERTICAL	0.0881	0.0000		1
U+2550	═	Box Drawing	BOX DRAWINGS DOUBLE HORIZONTAL	0.1253	0.1959		1
U+2551	║	Box Drawing	BOX DRAWINGS DOUBLE VERTICAL	0.2426	0.0993		1
U+2552	╒	Box Drawing	BOX DRAWINGS DOWN SINGLE AND RIGHT DOUBLE	0.1202	0.1917		1
U+2553	╓	Box Drawing	BOX DRAWINGS DOWN DOUBLE AND RIGHT SINGLE	0.1434	0.1936		1
U+2554	╔	Box Drawing	BOX DRAWINGS DOUBLE DOWN AND RIGHT	0.1707	0.1973		1
U+2555	╕	Box Drawing	BOX DRAWINGS DOWN SINGLE AND LEFT DOUBLE	0.1202	0.1923		1
U+2556	╖	Box Drawing	BOX DRAWINGS DOWN DOUBLE AND LEFT SINGLE	0.1433	0.1939		1
U+2557	╗	Box Drawing	BOX DRAWINGS DOUBLE DOWN AND LEFT	0.1706	0.1979		1
U+2558	╘	Box Drawing	BOX DRAWINGS UP SINGLE AND RIGHT DOUBLE	0.1334	0.1023		1
U+2559	╙	Box Drawing	BOX DRAWINGS UP DOUBLE AND RIGHT SINGLE	0.1702	0.0431		1
U+255A	╚	Box Drawing	BOX DRAWINGS DOUBLE UP AND RIGHT	0.1973	0.0715		1
U+255B	╛	Box Drawing	BOX DRAWINGS UP SINGLE AND LEFT DOUBLE	0.1334	0.1030		1
U+255C	╜	Box Drawing	BOX DRAWINGS UP DOUBLE AND LEFT SINGLE	0.1701	0.0434		1
U+255D	╝	Box Drawing	BOX DRAWINGS DOUBLE UP AND LEFT	0.1972	0.0721		1
U+255E	╞	Box Drawing	BOX DRAWINGS VERTICAL SINGLE AND RIGHT DOUBLE	0.1757	0.1396		1
U+255F	╟	Box Drawing	BOX DRAWINGS VERTICAL DOUBLE AND RIGHT SINGLE	0.2627	0.1158		1
U+2560	╠	Box Drawing	BOX DRAWINGS DOUBLE VERTICAL AND RIGHT	0.2748	0.1325		1
U+2561	╡	Box Drawing	BOX DRAWINGS VERTICAL SINGLE AND LEFT DOUBLE	0.1757	0.1400		1
U+2562	╢	Box Drawing	BOX DRAWINGS VERTICAL DOUBLE AND LEFT SINGLE	0.2627	0.1160		1
U+2563	╣	Box Drawing	BOX DRAWINGS DOUBLE VERTICAL AND LEFT	0.2746	0.1329		1
U+2564	╤	Box Drawing	BOX DRAWINGS DOWN SINGLE AND HORIZONTAL DOUBLE	0.1676	0.2073		1
U+2565	╥	Box Drawing	BOX DRAWINGS DOWN DOUBLE AND HORIZONTAL SINGLE	0.1634	0.2050		1
U+2566	╦	Box Drawing	BOX DRAWINGS DOUBLE DOWN AND HORIZONTAL	0.2027	0.2203		1
U+2567	╧	Box Drawing	BOX DRAWINGS UP SINGLE AND HORIZONTAL DOUBLE	0.1808	0.1444		1
U+2568	╨	Box Drawing	BOX DRAWINGS UP DOUBLE AND HORIZONTAL SINGLE	0.1902	0.0748		1
U+2569	╩	Box Drawing	BOX DRAWINGS DOUBLE UP AND HORIZONTAL	0.2293	0.1175		1
U+256A	╪	Box Drawing	BOX DRAWINGS VERTICAL SINGLE AND HORIZONTAL DOUBLE	0.2308	0.1596		1
U+256B	╫	Box Drawing	BOX DRAWINGS VERTICAL DOUBLE AND HORIZONTAL SINGLE	0.2905	0.1267		1
U+256C	╬	Box Drawing	BOX DRAWINGS DOUBLE VERTICAL AND HORIZONTAL	0.3068	0.1573		1
U+256D	╭	Box Drawing	BOX DRAWINGS LIGHT ARC DOWN AND RIGHT	0.0755	0.2173		1
U+256E	╮	Box Drawing	BOX DRAWINGS LIGHT ARC DOWN AND LEFT	0.0755	0.2178		1
U+256F	╯	Box Drawing	BOX DRAWINGS LIGHT ARC UP AND LEFT	0.0888	0.0799		1
U+2570	╰	Box Drawing	BOX DRAWINGS LIGHT ARC UP AND RIGHT	0.0888	0.0794		1
U+2571	╱	Box Drawing	BOX DRAWINGS LIGHT DIAGONAL UPPER RIGHT TO LOWER LEFT	0.1133	0.0000		1
U+2572	╲	Box Drawing	BOX DRAWINGS LIGHT DIAGONAL UPPER LEFT TO LOWER RIGHT	0.1133	0.0000		1
U+2573	╳	Box Drawing	BOX DRAWINGS LIGHT DIAGONAL CROSS	0.2181	0.0000		1
U+2574	╴	Box Drawing	BOX DRAWINGS LIGHT LEFT	0.0354	0.1789		1
U+2575	╵	Box Drawing	BOX DRAWINGS LIGHT UP	0.0708	0.0000		1
U+2576	╶	Box Drawing	BOX DRAWINGS LIGHT RIGHT	0.0354	0.1779		1
U+2577	╷	Box Drawing	BOX DRAWINGS LIGHT DOWN	0.0575	0.1879		1
U+2578	╸	Box Drawing	BOX DRAWINGS HEAVY LEFT	0.0632	0.1791		1
U+2579	╹	Box Drawing	BOX DRAWINGS HEAVY UP	0.1274	0.0000		1
U+257A	╺	Box Drawing	BOX DRAWINGS HEAVY RIGHT	0.0632	0.1780		1
U+257B	╻	Box Drawing	BOX DRAWINGS HEAVY DOWN	0.1034	0.1879		1
U+257C	╼	Box Drawing	BOX DRAWINGS LIGHT LEFT AND HEAVY RIGHT	0.0910	0.1904		1
U+257D	╽	Box Drawing	BOX DRAWINGS LIGHT UP AND HEAVY DOWN	0.1666	0.1256		1
U+257E	╾	Box Drawing	BOX DRAWINGS HEAVY LEFT AND LIGHT RIGHT	0.0910	0.1908		1
U+257F	╿	Box Drawing	BOX DRAWINGS HEAVY UP AND LIGHT DOWN	0.1772	0.0698		1
U+2580	▀	Block Elements	UPPER HALF BLOCK	0.4044	0.0000		1
U+2581	▁	Block Elements	LOWER ONE EIGHTH BLOCK	0.1010	0.0000		1
U+2582	▂	Block Elements	LOWER ONE QUARTER BLOCK	0.2022	0.0000		1
U+2583	▃	Block Elements	LOWER THREE EIGHTHS BLOCK	0.3033	0.0000		1
U+2584	▄	Block Elements	LOWER HALF BLOCK	0.4045	0.0000		1
U+2585	▅	Block Elements	LOWER FIVE EIGHTHS BLOCK	0.5056	0.0000		1
U+2586	▆	Block Elements	LOWER THREE QUARTERS BLOCK	0.6066	0.0000		1
U+2587	▇	Block Elements	LOWER SEVEN EIGHTHS BLOCK	0.7078	0.0000		1
U+2588	█	Block Elements	FULL BLOCK	0.8089	0.0000		1
U+2589	▉	Block Elements	LEFT SEVEN EIGHTHS BLOCK	0.7078	0.0000		1
U+258A	▊	Block Elements	LEFT THREE QUARTERS BLOCK	0.6066	0.0000		1
U+258B	▋	Block Elements	LEFT FIVE EIGHTHS BLOCK	0.5047	0.0000		1
U+258C	▌	Block Elements	LEFT HALF BLOCK	0.4045	0.0000		1
U+258D	▍	Block Elements	LEFT THREE EIGHTHS BLOCK	0.3033	0.0000		1
U+258E	▎	Block Elements	LEFT ONE QUARTER BLOCK	0.2021	0.0000		1
U+258F	▏	Block Elements	LEFT ONE EIGHTH BLOCK	0.1003	0.0000		1
U+2590	▐	Block Elements	RIGHT HALF BLOCK	0.4045	0.0000		1
U+2591	░	Block Elements	LIGHT SHADE	0.1047	0.0000		1
U+2592	▒	Block Elements	MEDIUM SHADE	0.2082	0.0000		1
U+2593	▓	Block Elements	DARK SHADE	0.5818	0.0000		1
U+2594	▔	Block Elements	UPPER ONE EIGHTH BLOCK	0.1010	0.0000		1
U+2595	▕	Block Elements	RIGHT ONE EIGHTH BLOCK	0.1010	0.0000		1
U+2596	▖	Block Elements	QUADRANT LOWER LEFT	0.2022	0.0000		1
U+2597	▗	Block Elements	QUADRANT LOWER RIGHT	0.2022	0.0000		1
U+2598	▘	Block Elements	QUADRANT UPPER LEFT	0.2022	0.0000		1
U+2599	▙	Block Elements	QUADRANT UPPER LEFT AND LOWER LEFT AND LOWER RIGHT	0.6067	0.0000		1
U+259A	▚	Block Elements	QUADRANT UPPER LEFT AND LOWER RIGHT	0.4044	0.0000		1
U+259B	▛	Block Elements	QUADRANT UPPER LEFT AND UPPER RIGHT AND LOWER LEFT	0.6066	0.0000		1
U+259C	▜	Block Elements	QUADRANT UPPER LEFT AND UPPER RIGHT AND LOWER RIGHT	0.6066	0.0000		1
U+259D	▝	Block Elements	QUADRANT UPPER RIGHT	0.2022	0.0000		1
U+259E	▞	Block Elements	QUADRANT UPPER RIGHT AND LOWER LEFT	0.4044	0.0000		1
U+259F	▟	Block Elements	QUADRANT UPPER RIGHT AND LOWER LEFT AND LOWER RIGHT	0.6067	0.0000		1
U+25A0	■	Geometric Shapes	BLACK SQUARE	0.4459	0.0000		1
U+25A1	□	Geometric Shapes	WHITE SQUARE	0.1372	0.0000		1
U+25B2	▲	Geometric Shapes	BLACK UP-POINTING TRIANGLE	0.2311	0.0000		1
U+25B4	▴	Geometric Shapes	BLACK UP-POINTING SMALL TRIANGLE	0.1138	0.0000		1
U+25B6	▶	Geometric Shapes	BLACK RIGHT-POINTING TRIANGLE	0.2260	0.0000		1
U+25B8	▸	Geometric Shapes	BLACK RIGHT-POINTING SMALL TRIANGLE	0.1057	0.0000	U+2023	0
U+25BC	▼	Geometric Shapes	BLACK DOWN-POINTING TRIANGLE	0.2311	0.0000		1
U+25BE	▾	Geometric Shapes	BLACK DOWN-POINTING SMALL TRIANGLE	0.1137	0.0000		1
U+25C0	◀	Geometric Shapes	BLACK LEFT-POINTING TRIANGLE	0.2256	0.0000		1
U+25C2	◂	Geometric Shapes	BLACK LEFT-POINTING SMALL TRIANGLE	0.1057	0.0000		1
U+25CA	◊	Geometric Shapes	LOZENGE	0.1398	0.0000		1
U+25CB	○	Geometric Shapes	WHITE CIRCLE	0.1233	0.0000		1
U+25CF	●	Geometric Shapes	BLACK CIRCLE	0.3851	0.0000		1
U+25E6	◦	Geometric Shapes	WHITE BULLET	0.1057	0.0000		1
U+2713	✓	Dingbats	CHECK MARK	0.0822	0.0000		0
U+2717	✗	Dingbats	BALLOT X	0.1130	0.0000		0
U+275B	❛	Dingbats	HEAVY SINGLE TURNED COMMA QUOTATION MARK ORNAMENT	0.0959	0.0000		0
U+275C	❜	Dingbats	HEAVY SINGLE COMMA QUOTATION MARK ORNAMENT	0.0959	0.0000		0
U+275D	❝	Dingbats	HEAVY DOUBLE TURNED COMMA QUOTATION MARK ORNAMENT	0.1917	0.0000		0
U+275E	❞	Dingbats	HEAVY DOUBLE COMMA QUOTATION MARK ORNAMENT	0.1916	0.0000		0
U+278A	➊	Dingbats	DINGBAT NEGATIVE CIRCLED SANS-SERIF DIGIT ONE	0.3574	0.0000		0
U+278B	➋	Dingbats	DINGBAT NEGATIVE CIRCLED SANS-SERIF DIGIT TWO	0.3411	0.0000		0
U+278C	➌	Dingbats	DINGBAT NEGATIVE CIRCLED SANS-SERIF DIGIT THREE	0.3398	0.0000		0
U+278D	➍	Dingbats	DINGBAT NEGATIVE CIRCLED SANS-SERIF DIGIT FOUR	0.3469	0.0000		0
U+278E	➎	Dingbats	DINGBAT NEGATIVE CIRCLED SANS-SERIF DIGIT FIVE	0.3364	0.0000		0
U+278F	➏	Dingbats	DINGBAT NEGATIVE CIRCLED SANS-SERIF DIGIT SIX	0.3402	0.0000		0
U+2790	➐	Dingbats	DINGBAT NEGATIVE CIRCLED SANS-SERIF DIGIT SEVEN	0.3523	0.0000		0
U+2791	➑	Dingbats	DINGBAT NEGATIVE CIRCLED SANS-SERIF DIGIT EIGHT	0.3302	0.0000		0
U+2792	➒	Dingbats	DINGBAT NEGATIVE CIRCLED SANS-SERIF DIGIT NINE	0.3403	0.0000		0
U+2934	⤴	Arrows/Math Ext	ARROW POINTING RIGHTWARDS THEN CURVING UPWARDS	0.1454	0.0000		0
U+2935	⤵	Arrows/Math Ext	ARROW POINTING RIGHTWARDS THEN CURVING DOWNWARDS	0.1450	0.0000		0
U+2936	⤶	Arrows/Math Ext	ARROW POINTING DOWNWARDS THEN CURVING LEFTWARDS	0.1306	0.0000		0
U+2937	⤷	Arrows/Math Ext	ARROW POINTING DOWNWARDS THEN CURVING RIGHTWARDS	0.1306	0.0000		0
U+F6D5		PUA	U+F6D5	0.1454	0.0000		0
U+F6D6		PUA	U+F6D6	0.1450	0.0000		0
U+F6D7		PUA	U+F6D7	0.1305	0.0000		0
U+F6D8		PUA	U+F6D8	0.1307	0.0000		0
U+F8FF		PUA	U+F8FF	0.3437	0.0000		0
U+FB01	ﬁ	Ligatures	LATIN SMALL LIGATURE FI	0.2057	0.0000		0
U+FB02	ﬂ	Ligatures	LATIN SMALL LIGATURE FL	0.2045	0.0000		0
